at_0,de_1,de_2,de_3,id_100,id_101,id_103,id_200,id_500
,,,,4,,,1995,
,,,,4,,,1996,
,,,,4,,,1997,
,,,,4,,,1998,
,,,,4,,,1999,
,,,,4,,,2000,
,,,,4,,,2001,
,,,,4,,,2002,
,,,60.461193,4,Afghanistan,AFG,2003,4.2003
,,,87.047508,4,Afghanistan,AFG,2004,4.2004
,,,,4,,,2005,
,,,,4,,,2006,
,,,,4,,,2007,
,,,,4,,,2008,
,,,,4,,,2009,
,,,,4,,,2010,
,,,,4,,,2011,
,,,,4,,,2012,
,,,,4,,,2013,
,,,,4,,,2014,
,,,,4,,,2015,
,,,,8,,,1995,
,,,,8,,,1996,
,,,,8,,,1997,
,,,,8,,,1998,
,,,,8,,,1999,
,,,,8,,,2000,
,,,,8,,,2001,
,,,,8,,,2002,
,,,,8,,,2003,
,,89.002731,32.104122,8,Albania,ALB,2004,8.2004
,,,,8,,,2005,
,,,,8,,,2006,
,65.803665,76.746727,34.913296,8,Albania,ALB,2007,8.200699999999999
,,,,8,,,2008,
,,,,8,,,2009,
,,,,8,,,2010,
,,,,8,,,2011,
,,,,8,,,2012,
,,,,8,,,2013,
,,,,8,,,2014,
,,,,8,,,2015,
,,,,12,,,1995,
,,,,12,,,1996,
,,,,12,,,1997,
,,,,12,,,1998,
,,,,12,,,1999,
,,,,12,,,2000,
,,,,12,,,2001,
,,,,12,,,2002,
,,,,12,,,2003,
,,,,12,,,2004,
,,,,12,,,2005,
19.693094,,69.654961,45.56575,12,Algeria,DZA,2006,12.2006
,,,,12,,,2007,
,,,,12,,,2008,
,,,,12,,,2009,
,,,,12,,,2010,
7.9040852,,66.806427,40.328697,12,Algeria,DZA,2011,12.2011
,,,,12,,,2012,
21.20377,65.627747,64.235855,52.142323,12,Algeria,DZA,2013,12.2013
,,,,12,,,2014,
,59.452053,60.234444,47.576946,12,Algeria,DZA,2015,12.2015
,,,,31,,,1995,
,,,,31,,,1996,
,,,,31,,,1997,
,,,,31,,,1998,
,,,,31,,,1999,
,,,,31,,,2000,
,,,,31,,,2001,
,,,,31,,,2002,
,,,,31,,,2003,
,,,,31,,,2004,
,,,,31,,,2005,
,,,,31,,,2006,
,,,,31,,,2007,
,,,,31,,,2008,
,,,,31,,,2009,
,,,,31,,,2010,
16.649538,,,62.789738,31,Azerbaijan,AZE,2011,31.2011
,,,,31,,,2012,
,,,,31,,,2013,
,,,,31,,,2014,
,,,,31,,,2015,
17.568851,55.944054,82.163315,77.958015,32,Argentina,ARG,1995,32.1995
23.641069,42.390999,79.123711,52.525253,32,Argentina,ARG,1996,32.1996
18.654173,43.864082,80.703262,56.480606,32,Argentina,ARG,1997,32.1997
24.871355,50.35461,79.56485,52.497643,32,Argentina,ARG,1998,32.1998
,,,,32,,,1999,
11.952862,48.894485,77.627121,49.413475,32,Argentina,ARG,2000,32.2
,,,,32,,,2001,
,,,,32,,,2002,
18.158123,41.808388,76.133446,50.431965,32,Argentina,ARG,2003,32.2003
16.1346,41.378338,74.202713,52.973568,32,Argentina,ARG,2004,32.2004
31.103388,51.282974,75.158203,53.536591,32,Argentina,ARG,2005,32.2005
20.761761,48.963585,79.156013,51.10294,32,Argentina,ARG,2006,32.2006
22.024014,55.318947,77.131409,55.208271,32,Argentina,ARG,2007,32.2007
37.13623,45.829262,78.890717,44.868206,32,Argentina,ARG,2008,32.2008
18.85038,42.088963,73.868675,39.848915,32,Argentina,ARG,2009,32.2009
33.626854,47.71357,76.766075,41.971695,32,Argentina,ARG,2010,32.201
,,,,32,,,2011,
68.012558,58.049885,85.738953,57.403652,32,Argentina,ARG,2012,32.2012
,,,,32,,,2013,
64.895905,52.925167,84.065521,56.20364,32,Argentina,ARG,2014,32.2014
22.550676,53.897736,78.626282,55.638863,32,Argentina,ARG,2015,32.2015
,,,,36,,,1995,
,,,,36,,,1996,
,,,,36,,,1997,
,,,,36,,,1998,
,,,,36,,,1999,
,,,,36,,,2000,
,,,,36,,,2001,
,,,,36,,,2002,
,68.815041,,82.899025,36,Australia,AUS,2003,36.2003
,,,,36,,,2004,
,,,,36,,,2005,
,,,,36,,,2006,
,,,,36,,,2007,
,,,,36,,,2008,
,,,,36,,,2009,
,,,,36,,,2010,
,,,,36,,,2011,
54.433834,,,74.455795,36,Australia,AUS,2012,36.2012
,,,,36,,,2013,
,,,,36,,,2014,
,,,,36,,,2015,
,,,,40,,,1995,
,,,,40,,,1996,
,,,,40,,,1997,
,,,,40,,,1998,
,,,,40,,,1999,
,55.285744,,77.952759,40,Austria,AUT,2000,40.2
,,,,40,,,2001,
,,,,40,,,2002,
50.682121,58.53344,,71.739128,40,Austria,AUT,2003,40.2003
49.765221,62.294472,77.543472,79.976578,40,Austria,AUT,2004,40.2004
52.686264,61.968895,79.438713,79.626167,40,Austria,AUT,2005,40.2005
,,,,40,,,2006,
51.94828,67.509644,80.03688,77.844315,40,Austria,AUT,2007,40.2007
,,,,40,,,2008,
,,,,40,,,2009,
,,,,40,,,2010,
,,,,40,,,2011,
,,,,40,,,2012,
,,,,40,,,2013,
,,,,40,,,2014,
,,,,40,,,2015,
,,,,51,,,1995,
,,,,51,,,1996,
,,,,51,,,1997,
,,,,51,,,1998,
,,,,51,,,1999,
,,,6.8090787,51,Armenia,ARM,2000,51.2
,,,,51,,,2001,
,,,,51,,,2002,
,,,,51,,,2003,
,,,,51,,,2004,
,,,,51,,,2005,
,,,,51,,,2006,
,,,,51,,,2007,
,,,,51,,,2008,
,,,,51,,,2009,
,,,,51,,,2010,
,,,,51,,,2011,
,,,,51,,,2012,
,,,,51,,,2013,
,,,,51,,,2014,
,,,,51,,,2015,
,,,,56,,,1995,
,,,,56,,,1996,
,,,,56,,,1997,
,,,,56,,,1998,
,,,,56,,,1999,
,52.728188,,65.904366,56,Belgium,BEL,2000,56.2
,,,,56,,,2001,
,,,,56,,,2002,
,,,,56,,,2003,
,,,,56,,,2004,
,,,,56,,,2005,
,,,,56,,,2006,
,,,,56,,,2007,
,,,,56,,,2008,
,,,,56,,,2009,
,,,,56,,,2010,
,,,,56,,,2011,
50.963081,55.264996,,74.450462,56,Belgium,BEL,2012,56.2012
,,,,56,,,2013,
,,,,56,,,2014,
,,,,56,,,2015,
,,,,68,,,1995,
17.701452,38.361507,74.49118,28.571428,68,Bolivia,BOL,1996,68.1996
13.917526,41.31274,76.052635,28.894808,68,Bolivia,BOL,1997,68.19970000000001
21.364222,44.861481,67.833557,28.668478,68,Bolivia,BOL,1998,68.1998
,,,,68,,,1999,
18.51145,36.53846,77.070709,36.311298,68,Bolivia,BOL,2000,68.2
,,,,68,,,2001,
,,,,68,,,2002,
20.169491,33.724831,65.11628,20.787746,68,Bolivia,BOL,2003,68.2003
31.568094,40.765579,75.732841,35.258621,68,Bolivia,BOL,2004,68.2004
20.417028,42.304482,66.357483,19.704062,68,Bolivia,BOL,2005,68.20050000000001
35.356342,50.278824,73.059326,40.784672,68,Bolivia,BOL,2006,68.20059999999999
21.508141,55.432743,76.730919,68.234337,68,Bolivia,BOL,2007,68.2007
38.250401,45.819908,83.336884,56.397774,68,Bolivia,BOL,2008,68.2008
26.351931,51.648037,81.255524,34.438305,68,Bolivia,BOL,2009,68.2009
36.350716,48.056957,84.361877,56.709736,68,Bolivia,BOL,2010,68.20099999999999
,,,,68,,,2011,
54.846653,48.914036,85.894157,46.777893,68,Bolivia,BOL,2012,68.2012
,,,,68,,,2013,
53.588306,51.164089,84.830093,48.484344,68,Bolivia,BOL,2014,68.20140000000001
20.417028,51.119175,78.886841,51.025639,68,Bolivia,BOL,2015,68.2015
,,,,70,,,1995,
,,,,70,,,1996,
,,,,70,,,1997,
,,,,70,,,1998,
,,,,70,,,1999,
,,,42.92683,70,Bosnia & Herzegovina,BIH,2000,70.2
,,,,70,,,2001,
,,,,70,,,2002,
,,,53.761063,70,Bosnia & Herzegovina,BIH,2003,70.2003
,,73.820396,48.063782,70,Bosnia & Herzegovina,BIH,2004,70.2004
,34.639175,70.531403,29.436325,70,Bosnia & Herzegovina,BIH,2005,70.20050000000001
,,,,70,,,2006,
,45.106693,63.764881,43.459915,70,Bosnia & Herzegovina,BIH,2007,70.2007
,,,,70,,,2008,
,,,,70,,,2009,
,,,,70,,,2010,
,,,,70,,,2011,
,,,,70,,,2012,
,,,,70,,,2013,
,,,,70,,,2014,
,,,,70,,,2015,
,,,,72,,,1995,
,,,,72,,,1996,
,,,,72,,,1997,
,,,,72,,,1998,
14.73963,75.515465,90,81.461517,72,Botswana,BWA,1999,72.1999
,,,,72,,,2000,
,,,,72,,,2001,
,,,,72,,,2002,
,,,,72,,,2003,
,,,,72,,,2004,
5.9463987,68.517677,82.990654,79.539413,72,Botswana,BWA,2005,72.20050000000001
,,,,72,,,2006,
,,,,72,,,2007,
40.589378,80.592934,91.304344,90.406799,72,Botswana,BWA,2008,72.2008
,,,,72,,,2009,
,,,,72,,,2010,
,,,,72,,,2011,
11.092437,72.913155,89.221558,88.097496,72,Botswana,BWA,2012,72.2012
,,,,72,,,2013,
,72.171455,90.936684,85.328056,72,Botswana,BWA,2014,72.20140000000001
,,,,72,,,2015,
,34.274784,61.658535,26.320501,76,Brazil,BRA,1995,76.1995
12.53508,30.798477,64.077667,29.249012,76,Brazil,BRA,1996,76.1996
4.8830113,29.539005,67.225952,16.490486,76,Brazil,BRA,1997,76.19970000000001
4.522613,34.798908,65.511726,32.452431,76,Brazil,BRA,1998,76.1998
,,,,76,,,1999,
3.9354188,29.106028,58.096279,45.957096,76,Brazil,BRA,2000,76.2
,,,,76,,,2001,
,,,,76,,,2002,
,,,,76,,,2003,
15.744262,44.087578,68.065834,34.17997,76,Brazil,BRA,2004,76.2004
5.6903768,32.31139,64.173637,28.36495,76,Brazil,BRA,2005,76.20050000000001
26.984816,45.82106,71.360542,48.219177,76,Brazil,BRA,2006,76.20059999999999
5.6808686,38.933098,65.570602,55.049259,76,Brazil,BRA,2007,76.2007
31.337112,47.985546,70.750694,48.110802,76,Brazil,BRA,2008,76.2008
7.5503354,46.3615,70.656189,49.280575,76,Brazil,BRA,2009,76.2009
33.671661,51.577293,73.212051,52.824512,76,Brazil,BRA,2010,76.20099999999999
,,,,76,,,2011,
58.407078,55.865921,73.766327,47.742588,76,Brazil,BRA,2012,76.2012
,,,,76,,,2013,
53.116531,45.534069,72.410072,34.026379,76,Brazil,BRA,2014,76.20140000000001
7.4373484,31.21965,71.7033,39.532791,76,Brazil,BRA,2015,76.2015
,,,,84,,,1995,
,,,,84,,,1996,
,,,,84,,,1997,
,,,,84,,,1998,
,,,,84,,,1999,
,,,,84,,,2000,
,,,,84,,,2001,
,,,,84,,,2002,
,,,,84,,,2003,
,,,,84,,,2004,
,,,,84,,,2005,
,,,,84,,,2006,
,,,,84,,,2007,
53.526505,53.099663,83.099174,58.549862,84,Belize,BLZ,2008,84.2008
,,,,84,,,2009,
46.893421,50.340134,84.229134,49.558723,84,Belize,BLZ,2010,84.20099999999999
,,,,84,,,2011,
56.141521,56.778522,93.943474,58.697601,84,Belize,BLZ,2012,84.2012
,,,,84,,,2013,
59.845982,48.884426,84.367249,45.561413,84,Belize,BLZ,2014,84.20140000000001
,,,,84,,,2015,
,,,,100,,,1995,
,,,,100,,,1996,
,,,,100,,,1997,
,,,,100,,,1998,
,,,,100,,,1999,
,,,58.67347,100,Bulgaria,BGR,2000,100.2
,,,,100,,,2001,
,,,,100,,,2002,
,22.769466,,61.246613,100,Bulgaria,BGR,2003,100.2003
34.764214,35.102612,67.266342,62.310932,100,Bulgaria,BGR,2004,100.2004
29.567057,32.422752,65.153275,40.600521,100,Bulgaria,BGR,2005,100.2005
,,,,100,,,2006,
28.792568,35.183784,62.86031,41.478695,100,Bulgaria,BGR,2007,100.2007
,,,,100,,,2008,
,,,,100,,,2009,
,,,,100,,,2010,
,,,,100,,,2011,
,,,,100,,,2012,
33.198036,25.893368,,39.855839,100,Bulgaria,BGR,2013,100.2013
,,,,100,,,2014,
,,,,100,,,2015,
,,,,108,,,1995,
,,,,108,,,1996,
,,,,108,,,1997,
,,,,108,,,1998,
,,,,108,,,1999,
,,,,108,,,2000,
,,,,108,,,2001,
,,,,108,,,2002,
,,,,108,,,2003,
,,,,108,,,2004,
,,,,108,,,2005,
,,,,108,,,2006,
,,,,108,,,2007,
,,,,108,,,2008,
,,,,108,,,2009,
,,,,108,,,2010,
,,,,108,,,2011,
55.071247,70.328285,85.900673,82.163239,108,Burundi,BDI,2012,108.2012
,,,,108,,,2013,
,71.48069,92.058067,84.603889,108,Burundi,BDI,2014,108.2014
,,,,108,,,2015,
,,,,112,,,1995,
,,,,112,,,1996,
,,,,112,,,1997,
,,,,112,,,1998,
,,,,112,,,1999,
41.85022,37.012985,72.759384,45.919609,112,Belarus,BLR,2000,112.2
,46.72435,,65.364281,112,Belarus,BLR,2001,112.2001
,,,,112,,,2002,
,,,,112,,,2003,
55.383331,54.711357,67.973854,58.668114,112,Belarus,BLR,2004,112.2004
,,,,112,,,2005,
,,,,112,,,2006,
,,,,112,,,2007,
,,,,112,,,2008,
,,,,112,,,2009,
,,,,112,,,2010,
,,,,112,,,2011,
,,,,112,,,2012,
,,,,112,,,2013,
,,,,112,,,2014,
,,,,112,,,2015,
,,,,120,,,1995,
,,,,120,,,1996,
,,,,120,,,1997,
,,,,120,,,1998,
,,,,120,,,1999,
,,,19.535376,120,Cameroon,CMR,2000,120.2
,,,,120,,,2001,
,,,,120,,,2002,
,,,20.212767,120,Cameroon,CMR,2003,120.2003
,,58.503399,30.76923,120,Cameroon,CMR,2004,120.2004
,56.275303,81.203514,32.35294,120,Cameroon,CMR,2005,120.2005
,,,,120,,,2006,
,59.170013,79.710144,11.967546,120,Cameroon,CMR,2007,120.2007
,,,,120,,,2008,
,,,,120,,,2009,
,,,,120,,,2010,
,,,,120,,,2011,
,,,,120,,,2012,
16.666666,52.646503,76.998222,57.032116,120,Cameroon,CMR,2013,120.2013
,,,,120,,,2014,
,54.936306,79.354836,64.567772,120,Cameroon,CMR,2015,120.2015
,,,,124,,,1995,
,,,,124,,,1996,
,60.922787,,74.695961,124,Canada,CAN,1997,124.1997
,,,,124,,,1998,
,,,,124,,,1999,
43.603714,57.336956,74.198441,77.213928,124,Canada,CAN,2000,124.2
,,,,124,,,2001,
,,,,124,,,2002,
,66.205307,,77.675842,124,Canada,CAN,2003,124.2003
50.895138,63.289948,80.577972,80.913704,124,Canada,CAN,2004,124.2004
,66.394279,80.569855,67.528435,124,Canada,CAN,2005,124.2005
,,,,124,,,2006,
,74.588478,83.419868,77.419357,124,Canada,CAN,2007,124.2007
,,,,124,,,2008,
,,,,124,,,2009,
,,,,124,,,2010,
,,,,124,,,2011,
,,,,124,,,2012,
,,,,124,,,2013,
66.710609,60.294437,81.147003,50.472424,124,Canada,CAN,2014,124.2014
,,,,124,,,2015,
,,,,132,,,1995,
,,,,132,,,1996,
,,,,132,,,1997,
,,,,132,,,1998,
,,,,132,,,1999,
,,,,132,,,2000,
,,,,132,,,2001,
,,,,132,,,2002,
,,,,132,,,2003,
,,,,132,,,2004,
3.4987795,66.30336,89.88604,68.93705,132,Cabo Verde,CPV,2005,132.2005
,,,,132,,,2006,
,,,,132,,,2007,
32.053333,65.810699,90.174675,74.383606,132,Cabo Verde,CPV,2008,132.2008
,,,,132,,,2009,
,,,,132,,,2010,
7.3604059,64.621017,88.675217,78.445656,132,Cabo Verde,CPV,2011,132.2011
,,,,132,,,2012,
,,,,132,,,2013,
,53.934353,92.207207,64.750168,132,Cabo Verde,CPV,2014,132.2014
,,,,132,,,2015,
,41.862415,67.731094,81.881531,152,Chile,CHL,1995,152.1995
19.690041,38.836067,69.422913,74.223038,152,Chile,CHL,1996,152.1996
17.974684,42.74744,73.053894,73.405212,152,Chile,CHL,1997,152.1997
22.48542,39.742489,68.548386,71.043167,152,Chile,CHL,1998,152.1998
,,,,152,,,1999,
18.580624,47.799896,71.322388,69.08432,152,Chile,CHL,2000,152.2
,,,,152,,,2001,
,,,,152,,,2002,
,,,,152,,,2003,
,,,,152,,,2004,
14.017094,46.941761,77.240776,79.586334,152,Chile,CHL,2005,152.2005
27.816475,49.353851,76.385536,74.753807,152,Chile,CHL,2006,152.2006
17.083046,42.823872,63.222416,65.520943,152,Chile,CHL,2007,152.2007
33.022854,46.188538,72.65757,60.62542,152,Chile,CHL,2008,152.2008
15.656566,52.884613,75.611885,80.744186,152,Chile,CHL,2009,152.2009
34.109135,53.68977,80.966248,68.389908,152,Chile,CHL,2010,152.201
14.408818,41.437569,76.48069,68.637856,152,Chile,CHL,2011,152.2011
62.545845,48.91008,82.196724,64.134201,152,Chile,CHL,2012,152.2012
,,,,152,,,2013,
48.654484,52.700829,79.166664,63.592445,152,Chile,CHL,2014,152.2014
17.376492,47.619045,76.504425,63.191761,152,Chile,CHL,2015,152.2015
,,,,156,,,1995,
,,,,156,,,1996,
,,,,156,,,1997,
,,,,156,,,1998,
,,,,156,,,1999,
,,,,156,,,2000,
,,,,156,,,2001,
,,,,156,,,2002,
,,,,156,,,2003,
,,,,156,,,2004,
,,,,156,,,2005,
,,,,156,,,2006,
,,,,156,,,2007,
38.578789,68.143883,51.990124,62.253227,156,China,CHN,2008,156.2008
,,,,156,,,2009,
,,,,156,,,2010,
,,,,156,,,2011,
,,,,156,,,2012,
,,,,156,,,2013,
,,,,156,,,2014,
,,,,156,,,2015,
,,,,158,,,1995,
,58.918404,,70.139534,158,Taiwan,TWN,1996,158.1996
,,,,158,,,1997,
,,,,158,,,1998,
,,,,158,,,1999,
,,,41.304348,158,Taiwan,TWN,2000,158.2
,,,,158,,,2001,
,,,,158,,,2002,
,40.511086,,56.896553,158,Taiwan,TWN,2003,158.2003
35.691196,54.242973,67.215103,51.673641,158,Taiwan,TWN,2004,158.2004
,84.242424,64.033264,46.583851,158,Taiwan,TWN,2005,158.2005
43.264908,52.538223,58.37368,47.377205,158,Taiwan,TWN,2006,158.2006
,,,,158,,,2007,
,,,,158,,,2008,
,,,,158,,,2009,
38.759392,58.472755,63.761467,75.50882,158,Taiwan,TWN,2010,158.201
,,,,158,,,2011,
30.222956,57.68935,,53.386131,158,Taiwan,TWN,2012,158.2012
,,,,158,,,2013,
,,,,158,,,2014,
,,,,158,,,2015,
,,,,170,,,1995,
23.148148,32.352116,70.152412,15.317668,170,Colombia,COL,1996,170.1996
18.990612,41.532825,77.536232,13.097345,170,Colombia,COL,1997,170.1997
20.603449,35.427422,70.625565,22.739725,170,Colombia,COL,1998,170.1998
,,,,170,,,1999,
16.666666,37.607597,64.562668,31.865063,170,Colombia,COL,2000,170.2
,,,,170,,,2001,
,,,,170,,,2002,
,,,,170,,,2003,
42.718292,45.504459,73.882477,50.722641,170,Colombia,COL,2004,170.2004
32.204662,47.497261,72.046837,39.962959,170,Colombia,COL,2005,170.2005
41.796463,46.509972,73.882484,43.517265,170,Colombia,COL,2006,170.2006
36.262718,51.284096,73.442657,47.817024,170,Colombia,COL,2007,170.2007
38.474697,49.490627,76.529755,52.813705,170,Colombia,COL,2008,170.2008
41.262321,50.254059,75.033821,39.626461,170,Colombia,COL,2009,170.2009
41.720058,48.571041,79.946655,46.937851,170,Colombia,COL,2010,170.201
41.040897,44.432697,79.359238,46.791382,170,Colombia,COL,2011,170.2011
33.425835,51.453487,79.405441,45.669884,170,Colombia,COL,2012,170.2012
37.361973,39.438805,71.660805,37.765717,170,Colombia,COL,2013,170.2013
63.251923,42.32288,78.173149,33.648647,170,Colombia,COL,2014,170.2014
15.378151,35.35004,74.664879,41.248096,170,Colombia,COL,2015,170.2015
,,,,188,,,1995,
11.316873,57.052631,88.655464,79.411766,188,Costa Rica,CRI,1996,188.1996
30.425964,65.157608,87.741608,62.27224,188,Costa Rica,CRI,1997,188.1997
35.183247,61.053837,75.052521,74.869789,188,Costa Rica,CRI,1998,188.1998
,,,,188,,,1999,
12.993763,63.706024,90.80645,66.799789,188,Costa Rica,CRI,2000,188.2
,,,,188,,,2001,
,,,,188,,,2002,
,,,,188,,,2003,
39.367023,56.669998,81.103355,69.894417,188,Costa Rica,CRI,2004,188.2004
15.04606,54.29203,85.656006,58.115276,188,Costa Rica,CRI,2005,188.2005
42.576687,51.98587,87.928024,62.18359,188,Costa Rica,CRI,2006,188.2006
8.4551144,51.120163,90.218521,58.432114,188,Costa Rica,CRI,2007,188.2007
46.060822,57.015244,84.804359,61.353157,188,Costa Rica,CRI,2008,188.2008
22.06333,61.694099,84.2827,73.029968,188,Costa Rica,CRI,2009,188.2009
44.668949,60.577522,85.686722,60.070152,188,Costa Rica,CRI,2010,188.201
,,,,188,,,2011,
66.915253,58.51548,91.145836,54.857338,188,Costa Rica,CRI,2012,188.2012
,,,,188,,,2013,
63.830254,59.625027,86.632301,58.802971,188,Costa Rica,CRI,2014,188.2014
10.824742,49.503254,72.717392,55.84137,188,Costa Rica,CRI,2015,188.2015
,,,,191,,,1995,
,,,,191,,,1996,
,,,,191,,,1997,
,,,,191,,,1998,
,,,,191,,,1999,
,,,37.831326,191,Croatia,HRV,2000,191.2
,,,,191,,,2001,
,,,,191,,,2002,
,,,,191,,,2003,
,37.086319,70.319633,69.844017,191,Croatia,HRV,2004,191.2004
47.64344,39.250317,64.102562,43.280979,191,Croatia,HRV,2005,191.2005
,,,,191,,,2006,
29.276594,48.142467,67.90123,41.53846,191,Croatia,HRV,2007,191.2007
,,,,191,,,2008,
,,,,191,,,2009,
,,,,191,,,2010,
,,,,191,,,2011,
,,,,191,,,2012,
,,,,191,,,2013,
,,,,191,,,2014,
,,,,191,,,2015,
,,,,196,,,1995,
,,,,196,,,1996,
,,,,196,,,1997,
,,,,196,,,1998,
,,,,196,,,1999,
,,,,196,,,2000,
,,,,196,,,2001,
,,,,196,,,2002,
,,,,196,,,2003,
,,,,196,,,2004,
,,,,196,,,2005,
,,,,196,,,2006,
,,,,196,,,2007,
,,,,196,,,2008,
,,,,196,,,2009,
,,,,196,,,2010,
,,,,196,,,2011,
36.421524,40.897221,,83.965843,196,Cyprus,CYP,2012,196.2012
,,,,196,,,2013,
,,,,196,,,2014,
,,,,196,,,2015,
,,,,203,,,1995,
,49.358437,,80.053627,203,Czech Republic,CZE,1996,203.1996
,,,,203,,,1997,
,,,,203,,,1998,
,,,,203,,,1999,
,,,77.018631,203,Czech Republic,CZE,2000,203.2
,,,,203,,,2001,
,,,,203,,,2002,
,42.113716,,67.117119,203,Czech Republic,CZE,2003,203.2003
42.881886,46.706612,69.278305,78.965469,203,Czech Republic,CZE,2004,203.2004
48.244766,53.556896,74.964233,70.666664,203,Czech Republic,CZE,2005,203.2005
,,,,203,,,2006,
47.790825,57.938599,76.489708,73.045509,203,Czech Republic,CZE,2007,203.2007
,,,,203,,,2008,
,,,,203,,,2009,
,,,,203,,,2010,
,,,,203,,,2011,
,,,,203,,,2012,
43.566399,40.139767,,71.843346,203,Czech Republic,CZE,2013,203.2013
,,,,203,,,2014,
,,,,203,,,2015,
,,,,204,,,1995,
,,,,204,,,1996,
,,,,204,,,1997,
,,,,204,,,1998,
,,,,204,,,1999,
,,,,204,,,2000,
,,,,204,,,2001,
,,,,204,,,2002,
,,,,204,,,2003,
,,,,204,,,2004,
27.429062,66.410126,87.845848,74.932617,204,Benin,BEN,2005,204.2005
,,,,204,,,2006,
,,,,204,,,2007,
28.819736,73.830154,86.675232,80.275627,204,Benin,BEN,2008,204.2008
,,,,204,,,2009,
,,,,204,,,2010,
32.193493,67.660553,83.458961,73.30484,204,Benin,BEN,2011,204.2011
,,,,204,,,2012,
,,,,204,,,2013,
,57.566963,87.18615,66.46199,204,Benin,BEN,2014,204.2014
,,,,204,,,2015,
,,,,208,,,1995,
,,,,208,,,1996,
,,,,208,,,1997,
56.359249,70.120995,,95.070419,208,Denmark,DNK,1998,208.1998
,,,,208,,,1999,
,65.023743,,85.554428,208,Denmark,DNK,2000,208.2
,,,,208,,,2001,
,,,,208,,,2002,
,72.548729,,92.07589,208,Denmark,DNK,2003,208.2003
68.6129,74.341011,90.053764,93.75,208,Denmark,DNK,2004,208.2004
75.742577,78.505562,86.76075,89.919357,208,Denmark,DNK,2005,208.2005
,,,,208,,,2006,
,78.112045,86.029411,89.196678,208,Denmark,DNK,2007,208.2007
,,,,208,,,2008,
,,,,208,,,2009,
,,,,208,,,2010,
,,,,208,,,2011,
,,,,208,,,2012,
69.76886,73.357224,,91.022797,208,Denmark,DNK,2013,208.2013
,,,,208,,,2014,
,,,,208,,,2015,
,,,,214,,,1995,
,,,,214,,,1996,
,,,,214,,,1997,
,,,,214,,,1998,
,,,,214,,,1999,
,,,62.393162,214,Dominican Republic,DOM,2000,214.2
,,,,214,,,2001,
,,,,214,,,2002,
,,,,214,,,2003,
,,,,214,,,2004,
24.894514,56.19521,74.457764,49.082932,214,Dominican Republic,DOM,2005,214.2005
43.570168,51.914452,76.765717,38.577587,214,Dominican Republic,DOM,2006,214.2006
29.259762,57.648735,75.086899,64.649887,214,Dominican Republic,DOM,2007,214.2007
43.586338,51.673634,80.857773,59.890366,214,Dominican Republic,DOM,2008,214.2008
36.178864,54.216866,72.040817,50,214,Dominican Republic,DOM,2009,214.2009
44.630226,47.852531,72.62365,52.199547,214,Dominican Republic,DOM,2010,214.201
,,,,214,,,2011,
61.207493,49.930458,78.162544,50.910316,214,Dominican Republic,DOM,2012,214.2012
,,,,214,,,2013,
58.165546,47.375504,77.762337,42.540947,214,Dominican Republic,DOM,2014,214.2014
12.688822,53.177029,75.233643,52.059132,214,Dominican Republic,DOM,2015,214.2015
,,,,218,,,1995,
20.307167,42.762398,68.071747,37.589287,218,Ecuador,ECU,1996,218.1996
17.421007,38.018169,60.045456,18.85965,218,Ecuador,ECU,1997,218.1997
22.779243,42.041523,70.148598,23.695845,218,Ecuador,ECU,1998,218.1998
,,,,218,,,1999,
16.321243,35.270653,72.470901,36.875202,218,Ecuador,ECU,2000,218.2
,,,,218,,,2001,
,,,,218,,,2002,
20.168776,35.194584,55.894825,40.456432,218,Ecuador,ECU,2003,218.2003
38.497864,34.512047,64.630363,47.091492,218,Ecuador,ECU,2004,218.2004
17.621899,49.244907,70.235336,31.494995,218,Ecuador,ECU,2005,218.2005
42.55558,34.190102,72.599396,31.772396,218,Ecuador,ECU,2006,218.2006
11.928934,53.728561,76.875824,64.745514,218,Ecuador,ECU,2007,218.2007
45.881378,48.845234,77.770248,45.846172,218,Ecuador,ECU,2008,218.2008
20.155039,42.66787,60,40.170132,218,Ecuador,ECU,2009,218.2009
36.5811,50.865398,82.412849,48.827267,218,Ecuador,ECU,2010,218.201
,,,,218,,,2011,
60.297096,55.685131,78.433556,50.569218,218,Ecuador,ECU,2012,218.2012
10.473945,55.612976,75.352737,60.78492,218,Ecuador,ECU,2013,218.2013
60.648457,56.956116,76.807892,59.565411,218,Ecuador,ECU,2014,218.2014
21.458508,55.224304,78.954308,57.796715,218,Ecuador,ECU,2015,218.2015
,,,,222,,,1995,
24.600639,36.641762,74.559471,42.503098,222,El Salvador,SLV,1996,222.1996
30.666666,48.596851,77.924133,40.54348,222,El Salvador,SLV,1997,222.1997
22.095436,49.631119,85.258362,51.666668,222,El Salvador,SLV,1998,222.1998
,,,,222,,,1999,
16.243654,36.972191,77.679497,44.004169,222,El Salvador,SLV,2000,222.2
,,,,222,,,2001,
,,,,222,,,2002,
,,,,222,,,2003,
40.021088,51.689064,78.540222,65.088058,222,El Salvador,SLV,2004,222.2004
25.331972,43.211246,82.239159,37.849945,222,El Salvador,SLV,2005,222.2005
40.080383,41.744259,75.786362,38.879345,222,El Salvador,SLV,2006,222.2006
20.829016,40.062759,60.85181,52.259388,222,El Salvador,SLV,2007,222.2007
48.417896,44.035858,72.86895,48.727985,222,El Salvador,SLV,2008,222.2008
30.063967,56.999306,80.335861,71.298409,222,El Salvador,SLV,2009,222.2009
44.325516,52.550179,75.920883,59.346703,222,El Salvador,SLV,2010,222.201
,,,,222,,,2011,
59.325531,51.366905,77.439026,54.064182,222,El Salvador,SLV,2012,222.2012
,,,,222,,,2013,
62.369877,53.222221,81.657608,55.013279,222,El Salvador,SLV,2014,222.2014
18.143459,36.199574,63.528748,44.823662,222,El Salvador,SLV,2015,222.2015
,,,,231,,,1995,
,,,,231,,,1996,
,,,,231,,,1997,
,,,,231,,,1998,
,,,,231,,,1999,
,,,,231,,,2000,
,,,,231,,,2001,
,,,,231,,,2002,
,,,,231,,,2003,
,,,,231,,,2004,
,51.17371,89.288094,24.082569,231,Ethiopia,ETH,2005,231.2005
,,,,231,,,2006,
,,,,231,,,2007,
,,,,231,,,2008,
,,,,231,,,2009,
,,,,231,,,2010,
,,,,231,,,2011,
,,,,231,,,2012,
,,,,231,,,2013,
,,,,231,,,2014,
,,,,231,,,2015,
,,,,233,,,1995,
,,,,233,,,1996,
,,,,233,,,1997,
,,,,233,,,1998,
,,,,233,,,1999,
,,,50.233646,233,Estonia,EST,2000,233.2
,,,,233,,,2001,
,,,,233,,,2002,
,,,,233,,,2003,
48.733727,45.720993,69.405487,60.914055,233,Estonia,EST,2004,233.2004
,,,,233,,,2005,
,,,,233,,,2006,
,,,,233,,,2007,
,,,,233,,,2008,
,,,,233,,,2009,
,,,,233,,,2010,
39.570759,46.735077,,63.08847,233,Estonia,EST,2011,233.2011
54.74884,44.50742,,63.330402,233,Estonia,EST,2012,233.2012
,,,,233,,,2013,
,,,,233,,,2014,
,,,,233,,,2015,
,,,,246,,,1995,
,,,,246,,,1996,
,,,,246,,,1997,
,,,,246,,,1998,
,,,,246,,,1999,
57.438423,54.530872,75.519234,88.842545,246,Finland,FIN,2000,246.2
,,,,246,,,2001,
,,,,246,,,2002,
,,,,246,,,2003,
59.010849,64.564293,84.009407,91.836731,246,Finland,FIN,2004,246.2004
62.054077,63.68232,82.793869,85.774055,246,Finland,FIN,2005,246.2005
,,,,246,,,2006,
54.497353,66.392731,85.669785,82.624771,246,Finland,FIN,2007,246.2007
,,,,246,,,2008,
,,,,246,,,2009,
,,,,246,,,2010,
,,,,246,,,2011,
,,,,246,,,2012,
65.810562,62.950119,,90.552231,246,Finland,FIN,2013,246.2013
,,,,246,,,2014,
,,,,246,,,2015,
,,,,250,,,1995,
,,,,250,,,1996,
,,,,250,,,1997,
,,,,250,,,1998,
,,,,250,,,1999,
,53.821629,,82.995949,250,France,FRA,2000,250.2
,,,,250,,,2001,
,,,,250,,,2002,
44.672897,51.919235,,73.178459,250,France,FRA,2003,250.2003
34.304085,51.626137,74.783913,78.197998,250,France,FRA,2004,250.2004
48.305351,51.387917,72.688171,73.600845,250,France,FRA,2005,250.2005
,,,,250,,,2006,
43.746727,59.760307,77.953033,81.435898,250,France,FRA,2007,250.2007
,,,,250,,,2008,
,,,,250,,,2009,
,,,,250,,,2010,
,,,,250,,,2011,
,,,,250,,,2012,
,,,,250,,,2013,
,,,,250,,,2014,
,,,,250,,,2015,
,,,,266,,,1995,
,,,,266,,,1996,
,,,,266,,,1997,
,,,,266,,,1998,
,,,,266,,,1999,
,,,,266,,,2000,
,,,,266,,,2001,
,,,,266,,,2002,
,,,,266,,,2003,
,,,,266,,,2004,
,,,,266,,,2005,
,,,,266,,,2006,
,,,,266,,,2007,
,,,,266,,,2008,
,,,,266,,,2009,
,,,,266,,,2010,
,,,,266,,,2011,
,,,,266,,,2012,
,,,,266,,,2013,
,,,,266,,,2014,
,42.281593,79.266212,40.341255,266,Gabon,GAB,2015,266.2015
,,,,268,,,1995,
,,,,268,,,1996,
,,,,268,,,1997,
,,,,268,,,1998,
,,,,268,,,1999,
,,,29.032259,268,Georgia,GEO,2000,268.2
,,,,268,,,2001,
,,,,268,,,2002,
,,,34.427608,268,Georgia,GEO,2003,268.2003
,,80.96357,76.264046,268,Georgia,GEO,2004,268.2004
,,,,268,,,2005,
,,,,268,,,2006,
,,,,268,,,2007,
,,,,268,,,2008,
,,,,268,,,2009,
,,,,268,,,2010,
,,,,268,,,2011,
,,,,268,,,2012,
,,,,268,,,2013,
,,,,268,,,2014,
,,,,268,,,2015,
,,,,275,,,1995,
,,,,275,,,1996,
,,,,275,,,1997,
,,,,275,,,1998,
,,,,275,,,1999,
,,,,275,,,2000,
,,,,275,,,2001,
,,,,275,,,2002,
,,,,275,,,2003,
,,,,275,,,2004,
,,,,275,,,2005,
39.540413,,67.851234,84.940086,275,Palestine,PSE,2006,275.2006
,,,,275,,,2007,
,,,,275,,,2008,
,,,,275,,,2009,
23.544304,,67.55793,72.505615,275,Palestine,PSE,2010,275.201
,,,,275,,,2011,
28.194208,,63.831017,76.040672,275,Palestine,PSE,2012,275.2012
17.713005,,,57.787022,275,Palestine,PSE,2013,275.2013
,,,,275,,,2014,
,,,,275,,,2015,
,,,,276,,,1995,
,,,,276,,,1996,
,,,,276,,,1997,
,54.300533,,90.360222,276,Germany,DEU,1998,276.1998
,,,,276,,,1999,
,,,,276,,,2000,
,,,,276,,,2001,
,,,,276,,,2002,
46.127705,50.086384,,83.77282,276,Germany,DEU,2003,276.2003
,,76.835014,82.222221,276,Germany,DEU,2004,276.2004
47.543613,54.854271,76.498314,77.346939,276,Germany,DEU,2005,276.2005
,,,,276,,,2006,
48.676617,66.666664,76.400002,80.202019,276,Germany,DEU,2007,276.2007
,,,,276,,,2008,
,,,,276,,,2009,
,,,,276,,,2010,
,,,,276,,,2011,
49.073383,59.88356,,85.307457,276,Germany,DEU,2012,276.2012
42.488846,,,83.087639,276,Germany,DEU,2013,276.2013
,,,,276,,,2014,
,,,,276,,,2015,
,,,,288,,,1995,
,,,,288,,,1996,
,,,,288,,,1997,
,,,,288,,,1998,
,64.756157,83.969849,57.445732,288,Ghana,GHA,1999,288.1999
,,,47.362637,288,Ghana,GHA,2000,288.2
,,,,288,,,2001,
,,,,288,,,2002,
,,,,288,,,2003,
,,86.747391,72.874062,288,Ghana,GHA,2004,288.2004
15.664691,81.159912,89.851639,74.222092,288,Ghana,GHA,2005,288.2005
,,,,288,,,2006,
8.5134249,84.115646,88.570938,76.538666,288,Ghana,GHA,2007,288.2007
53.957447,82.402596,87.631577,82.078537,288,Ghana,GHA,2008,288.2008
,,,,288,,,2009,
,,,,288,,,2010,
,,,,288,,,2011,
8.2490911,73.881859,87.478813,64.640022,288,Ghana,GHA,2012,288.2012
,,,,288,,,2013,
,66.473663,84.16465,51.093891,288,Ghana,GHA,2014,288.2014
,,,,288,,,2015,
,,,,300,,,1995,
,,,,300,,,1996,
,,,,300,,,1997,
,,,,300,,,1998,
,,,,300,,,1999,
,,,,300,,,2000,
,,,,300,,,2001,
,,,,300,,,2002,
36.401249,53.079521,,62.811634,300,Greece,GRC,2003,300.2003
22.945892,55.903103,90.647964,81.262726,300,Greece,GRC,2004,300.2004
40.373978,60.658207,87.909149,63.104839,300,Greece,GRC,2005,300.2005
,,,,300,,,2006,
,59.345444,87.474747,60.164272,300,Greece,GRC,2007,300.2007
,,,,300,,,2008,
,,,,300,,,2009,
,,,,300,,,2010,
,,,,300,,,2011,
,,,,300,,,2012,
,,,,300,,,2013,
,,,,300,,,2014,
,,,,300,,,2015,
,,,,320,,,1995,
29.692471,31.930601,66.316368,38.42239,320,Guatemala,GTM,1996,320.1996
32.884399,47.192223,61.823204,38.505749,320,Guatemala,GTM,1997,320.1997
27.122152,54.872311,62.487309,48.09322,320,Guatemala,GTM,1998,320.1998
,,,,320,,,1999,
17.819706,46.098526,63.558353,65.428871,320,Guatemala,GTM,2000,320.2
,,,,320,,,2001,
,,,,320,,,2002,
,,,,320,,,2003,
29.313633,45.409554,66.601883,48.462864,320,Guatemala,GTM,2004,320.2004
20.703934,46.208202,59.756729,39.687729,320,Guatemala,GTM,2005,320.2005
46.752041,41.995682,65.621834,38.625603,320,Guatemala,GTM,2006,320.2006
32.093517,55.688004,64.063103,46.35022,320,Guatemala,GTM,2007,320.2007
42.502056,45.911621,66.374435,45.587189,320,Guatemala,GTM,2008,320.2008
31.296892,43.915974,56.386463,33.186329,320,Guatemala,GTM,2009,320.2009
38.291901,42.731121,71.468765,47.269505,320,Guatemala,GTM,2010,320.201
,,,,320,,,2011,
62.402321,48.309177,77.445038,48.205303,320,Guatemala,GTM,2012,320.2012
,,,,320,,,2013,
57.279819,50.162487,86.681221,40.040512,320,Guatemala,GTM,2014,320.2014
16.324436,38.606403,61.354839,40.960121,320,Guatemala,GTM,2015,320.2015
,,,,324,,,1995,
,,,,324,,,1996,
,,,,324,,,1997,
,,,,324,,,1998,
,,,,324,,,1999,
,,,,324,,,2000,
,,,,324,,,2001,
,,,,324,,,2002,
,,,,324,,,2003,
,,,,324,,,2004,
,,,,324,,,2005,
,,,,324,,,2006,
,,,,324,,,2007,
,,,,324,,,2008,
,,,,324,,,2009,
,,,,324,,,2010,
,,,,324,,,2011,
,,,,324,,,2012,
25.252525,54.755894,84.771355,63.514301,324,.,.,2013,324.2013
,,,,324,,,2014,
,57.388317,86.74852,69.932335,324,.,.,2015,324.2015
,,,,328,,,1995,
,,,,328,,,1996,
,,,,328,,,1997,
,,,,328,,,1998,
,,,,328,,,1999,
,,,,328,,,2000,
,,,,328,,,2001,
,,,,328,,,2002,
,,,,328,,,2003,
,,,,328,,,2004,
,,,,328,,,2005,
60.327061,46.949402,76.900826,45.726784,328,Guyana,GUY,2006,328.2006
,,,,328,,,2007,
,,,,328,,,2008,
61.277115,49.348957,76.310631,53.0084,328,Guyana,GUY,2009,328.2009
64.131897,44.220623,80.465286,48.531075,328,Guyana,GUY,2010,328.201
,,,,328,,,2011,
66.304596,46.822128,86.729034,48.800716,328,Guyana,GUY,2012,328.2012
,,,,328,,,2013,
64.004402,40.224464,77.773697,40.979099,328,Guyana,GUY,2014,328.2014
,,,,328,,,2015,
,,,,332,,,1995,
,,,,332,,,1996,
,,,,332,,,1997,
,,,,332,,,1998,
,,,,332,,,1999,
,,,,332,,,2000,
,,,,332,,,2001,
,,,,332,,,2002,
,,,,332,,,2003,
,,,,332,,,2004,
,,,,332,,,2005,
,,,,332,,,2006,
,,,,332,,,2007,
41.118568,39.241081,82.940758,36.591988,332,Haiti,HTI,2008,332.2008
,,,,332,,,2009,
32.400387,38.550724,86.917564,23.713903,332,Haiti,HTI,2010,332.201
,,,,332,,,2011,
41.096394,43.903358,83.446518,32.936287,332,Haiti,HTI,2012,332.2012
,,,,332,,,2013,
48.312092,40.619823,74.067162,29.804052,332,Haiti,HTI,2014,332.2014
,,,,332,,,2015,
,,,,340,,,1995,
25.153374,32.08556,66.219368,42.803032,340,Honduras,HND,1996,340.1996
28.830645,57.511021,74.430641,56.535946,340,Honduras,HND,1997,340.1997
16.929548,46.606335,77.277969,39.247311,340,Honduras,HND,1998,340.1998
,,,,340,,,1999,
9.090909,51.179161,76.467392,50.996769,340,Honduras,HND,2000,340.2
,,,,340,,,2001,
,,,,340,,,2002,
,,,,340,,,2003,
41.827625,48.989365,72.459259,42.164532,340,Honduras,HND,2004,340.2004
13.800206,39.4636,67.061615,27.727272,340,Honduras,HND,2005,340.2005
45.705547,46.462097,79.129517,34.761749,340,Honduras,HND,2006,340.2006
17.052631,39.45652,62.865852,62.26725,340,Honduras,HND,2007,340.2007
37.32534,41.387344,76.761848,37.898903,340,Honduras,HND,2008,340.2008
17.659138,39.088982,74.604073,25.617977,340,Honduras,HND,2009,340.2009
43.218781,50.893303,79.370758,55.391842,340,Honduras,HND,2010,340.201
,,,,340,,,2011,
64.553711,51.133499,81.647942,35.615078,340,Honduras,HND,2012,340.2012
,,,,340,,,2013,
61.658031,46.535946,76.367317,42.23082,340,Honduras,HND,2014,340.2014
15.224192,38.5564,67.06485,38.258877,340,Honduras,HND,2015,340.2015
,,,,344,,,1995,
,,,,344,,,1996,
,,,,344,,,1997,
,52.775806,,62.229507,344,Hong Kong,HKG,1998,344.1998
,,,,344,,,1999,
,,,71.338913,344,Hong Kong,HKG,2000,344.2
,,,,344,,,2001,
,,,,344,,,2002,
,,,63.829788,344,Hong Kong,HKG,2003,344.2003
,46.096653,64.167465,64.613777,344,Hong Kong,HKG,2004,344.2004
41.056911,57.336037,64.701897,51.470589,344,Hong Kong,HKG,2005,344.2005
,,,,344,,,2006,
67.65799,60.093506,58.37545,58.13044,344,Hong Kong,HKG,2007,344.2007
,,,,344,,,2008,
,,,,344,,,2009,
,,,,344,,,2010,
,,,,344,,,2011,
,,,,344,,,2012,
,,,,344,,,2013,
,,,,344,,,2014,
,,,,344,,,2015,
,,,,348,,,1995,
,,,,348,,,1996,
,,,,348,,,1997,
41.081978,37.155476,75.650116,83.513229,348,Hungary,HUN,1998,348.1998
,,,,348,,,1999,
,,,67.96875,348,Hungary,HUN,2000,348.2
,,,,348,,,2001,
,,,,348,,,2002,
,,,,348,,,2003,
45.867157,41.445045,80.317276,75.753716,348,Hungary,HUN,2004,348.2004
,,,,348,,,2005,
,,,,348,,,2006,
,,,,348,,,2007,
,,,,348,,,2008,
,,,,348,,,2009,
,,,,348,,,2010,
,,,,348,,,2011,
47.996014,37.483616,,57.909634,348,Hungary,HUN,2012,348.2012
,,,,348,,,2013,
,,,,348,,,2014,
,,,,348,,,2015,
,,,,352,,,1995,
,,,,352,,,1996,
,,,,352,,,1997,
,,,,352,,,1998,
41.081081,59.169853,83.333336,83.599747,352,Iceland,ISL,1999,352.1999
,,,83.07692,352,Iceland,ISL,2000,352.2
,,,,352,,,2001,
,,,,352,,,2002,
,,,,352,,,2003,
,,85.498283,90.062111,352,Iceland,ISL,2004,352.2004
66.315613,71.378418,86.443047,76.875,352,Iceland,ISL,2005,352.2005
,,,,352,,,2006,
,67.139236,84.675835,77.295166,352,Iceland,ISL,2007,352.2007
,,,,352,,,2008,
,,,,352,,,2009,
,,,,352,,,2010,
,,,,352,,,2011,
60.120483,57.258953,,78.32653,352,Iceland,ISL,2012,352.2012
,,,,352,,,2013,
,,,,352,,,2014,
,,,,352,,,2015,
,,,,356,,,1995,
,,,,356,,,1996,
,,,,356,,,1997,
,,,,356,,,1998,
,,,,356,,,1999,
,,,,356,,,2000,
,,,,356,,,2001,
,,,,356,,,2002,
28.361858,66.300255,67.59021,24.414063,356,India,IND,2003,356.2003
,,69.005272,38.109161,356,India,IND,2004,356.2004
33.72385,57.751373,64.790588,32.125835,356,India,IND,2005,356.2005
,,,,356,,,2006,
,68.289635,69.739731,55.818356,356,India,IND,2007,356.2007
,,,,356,,,2008,
,,,,356,,,2009,
,,,,356,,,2010,
,,,,356,,,2011,
,,,,356,,,2012,
,,,,356,,,2013,
,,,,356,,,2014,
,,,,356,,,2015,
,,,,360,,,1995,
,,,,360,,,1996,
,,,,360,,,1997,
,,,,360,,,1998,
,,,,360,,,1999,
,,,,360,,,2000,
,,,,360,,,2001,
,,,,360,,,2002,
,,,64.862106,360,Indonesia,IDN,2003,360.2003
18.826406,77.337906,72.574799,53.515301,360,Indonesia,IDN,2004,360.2004
,63.944221,80.482895,74.898788,360,Indonesia,IDN,2005,360.2005
67.174408,55.540539,51.931332,79.987007,360,Indonesia,IDN,2006,360.2006
25.551102,67.204483,71.897484,61.134022,360,Indonesia,IDN,2007,360.2007
,,,,360,,,2008,
,,,,360,,,2009,
,,,,360,,,2010,
,,,,360,,,2011,
,,,,360,,,2012,
,,,,360,,,2013,
,,,,360,,,2014,
,,,,360,,,2015,
,,,,368,,,1995,
,,,,368,,,1996,
,,,,368,,,1997,
,,,,368,,,1998,
,,,,368,,,1999,
,,,,368,,,2000,
,,,,368,,,2001,
,,,,368,,,2002,
,,,,368,,,2003,
,,,,368,,,2004,
,,,,368,,,2005,
,,,,368,,,2006,
,,,,368,,,2007,
,,,,368,,,2008,
,,,,368,,,2009,
,,,,368,,,2010,
26.058092,,72.819641,43.66925,368,Iraq,IRQ,2011,368.2011
31.971581,,,55.782639,368,Iraq,IRQ,2012,368.2012
43.678162,,64.568764,47.90419,368,Iraq,IRQ,2013,368.2013
,,,,368,,,2014,
,,,,368,,,2015,
,,,,372,,,1995,
,,,,372,,,1996,
,,,,372,,,1997,
,,,,372,,,1998,
,,,,372,,,1999,
,64.290604,,77.539223,372,Ireland,IRL,2000,372.2
,,,,372,,,2001,
,,,,372,,,2002,
,,,,372,,,2003,
44.386169,63.767838,82.240433,79.757088,372,Ireland,IRL,2004,372.2004
58.219559,62.786083,82.145279,76.907219,372,Ireland,IRL,2005,372.2005
,,,,372,,,2006,
52.353203,66.776276,84.569733,89.675514,372,Ireland,IRL,2007,372.2007
,,,,372,,,2008,
,,,,372,,,2009,
,,,,372,,,2010,
,,,,372,,,2011,
50.617847,50.464893,,78.139259,372,Ireland,IRL,2012,372.2012
,,,,372,,,2013,
,,,,372,,,2014,
,,,,372,,,2015,
,,,,376,,,1995,
,55.999062,,67.530922,376,Israel,ISR,1996,376.1996
,,,,376,,,1997,
,,,,376,,,1998,
,,,,376,,,1999,
,,,,376,,,2000,
,,,,376,,,2001,
,,,,376,,,2002,
,43.957947,79.491524,76.25,376,Israel,ISR,2003,376.2003
41.536682,57.037037,79.692719,74.645027,376,Israel,ISR,2004,376.2004
,59.051434,78.561829,65.069862,376,Israel,ISR,2005,376.2005
,,,,376,,,2006,
,,,,376,,,2007,
,,,,376,,,2008,
,,,,376,,,2009,
,,,,376,,,2010,
,,,,376,,,2011,
52.411716,59.147541,,78.696754,376,Israel,ISR,2012,376.2012
,,,,376,,,2013,
,,,,376,,,2014,
,,,,376,,,2015,
,,,,380,,,1995,
,,,,380,,,1996,
,,,,380,,,1997,
,,,,380,,,1998,
,,,,380,,,1999,
,39.31218,,62.260128,380,Italy,ITA,2000,380.2
,,,,380,,,2001,
,,,,380,,,2002,
45.431892,43.160278,,52.20126,380,Italy,ITA,2003,380.2003
,,,,380,,,2004,
39.335018,53.217918,78.207741,52.566734,380,Italy,ITA,2005,380.2005
,,,,380,,,2006,
,52.770267,75.357765,52.702702,380,Italy,ITA,2007,380.2007
,,,,380,,,2008,
,,,,380,,,2009,
,,,,380,,,2010,
,,,,380,,,2011,
,,,,380,,,2012,
,,,,380,,,2013,
,,,,380,,,2014,
,,,,380,,,2015,
,,,,381,,,1995,
,,,,381,,,1996,
,,,,381,,,1997,
,,,,381,,,1998,
,,,,381,,,1999,
,,,,381,,,2000,
,,,,381,,,2001,
,,,,381,,,2002,
,,,85.593224,381,Kosovo,KOS,2003,381.2003
,,81.057373,56.690647,381,Kosovo,KOS,2004,381.2004
,65.584412,86.942329,82.480957,381,Kosovo,KOS,2005,381.2005
,,,,381,,,2006,
,73.427994,85.519127,69.298248,381,Kosovo,KOS,2007,381.2007
,,,,381,,,2008,
,,,,381,,,2009,
,,,,381,,,2010,
,,,,381,,,2011,
,,,,381,,,2012,
36.405281,34.114239,,34.070724,381,Kosovo,KOS,2013,381.2013
,,,,381,,,2014,
,,,,381,,,2015,
,,,,384,,,1995,
,,,,384,,,1996,
,,,,384,,,1997,
,,,,384,,,1998,
,,,,384,,,1999,
,,,,384,,,2000,
,,,,384,,,2001,
,,,,384,,,2002,
,,,,384,,,2003,
,,,,384,,,2004,
,,,,384,,,2005,
,,,,384,,,2006,
,,,,384,,,2007,
,,,,384,,,2008,
,,,,384,,,2009,
,,,,384,,,2010,
,,,,384,,,2011,
,,,,384,,,2012,
10.980721,52.574825,90.548782,46.565567,384,Cote d'Ivoire,CIV,2013,384.2013
,53.859806,90.716179,57.450626,384,Cote d'Ivoire,CIV,2014,384.2014
,,,,384,,,2015,
,,,,388,,,1995,
,,,,388,,,1996,
,,,,388,,,1997,
,,,,388,,,1998,
,,,,388,,,1999,
,,,,388,,,2000,
,,,,388,,,2001,
,,,,388,,,2002,
,,,,388,,,2003,
,,,,388,,,2004,
,,,,388,,,2005,
59.390297,52.024708,82.865936,39.040798,388,Jamaica,JAM,2006,388.2006
,,,,388,,,2007,
60.778858,49.124035,77.352295,47.83865,388,Jamaica,JAM,2008,388.2008
,,,,388,,,2009,
57.298927,45.666897,75.232307,43.205215,388,Jamaica,JAM,2010,388.201
,,,,388,,,2011,
60.921936,53.157894,81.947334,49.626614,388,Jamaica,JAM,2012,388.2012
,,,,388,,,2013,
56.041069,45.162052,70,37.220337,388,Jamaica,JAM,2014,388.2014
,,,,388,,,2015,
,,,,392,,,1995,
,57.096596,,56.006767,392,Japan,JPN,1996,392.1996
,,,,392,,,1997,
,,,,392,,,1998,
,,,,392,,,1999,
43.062202,45.419743,69.167519,55.247524,392,Japan,JPN,2000,392.2
,,,,392,,,2001,
,,,,392,,,2002,
52.473206,52.060318,56.213909,41.71249,392,Japan,JPN,2003,392.2003
41.080364,55.474277,62.950974,47.113163,392,Japan,JPN,2004,392.2004
39.08382,64.645576,71.516212,47.467812,392,Japan,JPN,2005,392.2005
,,,,392,,,2006,
60.462761,53.714901,58.03867,58.501102,392,Japan,JPN,2007,392.2007
,,,,392,,,2008,
,,,,392,,,2009,
,,,,392,,,2010,
,,,,392,,,2011,
,,,,392,,,2012,
,,,,392,,,2013,
,,,,392,,,2014,
,,,,392,,,2015,
,,,,398,,,1995,
,,,,398,,,1996,
,,,,398,,,1997,
,,,,398,,,1998,
,,,,398,,,1999,
,,,29.587156,398,Kazakhstan,KAZ,2000,398.2
,,,,398,,,2001,
,,,,398,,,2002,
,,,,398,,,2003,
,,,,398,,,2004,
,,,,398,,,2005,
,,,,398,,,2006,
,,,,398,,,2007,
,,,,398,,,2008,
,,,,398,,,2009,
,,,,398,,,2010,
38.799999,,,60.417542,398,Kazakhstan,KAZ,2011,398.2011
,,,,398,,,2012,
,,,,398,,,2013,
,,,,398,,,2014,
,,,,398,,,2015,
,,,,400,,,1995,
,,,,400,,,1996,
,,,,400,,,1997,
,,,,400,,,1998,
,,,,400,,,1999,
,,,,400,,,2000,
,,,,400,,,2001,
,,,,400,,,2002,
,,,,400,,,2003,
,,,,400,,,2004,
,,,,400,,,2005,
34.34705,,71.21212,64.703621,400,Jordan,JOR,2006,400.2006
,,,,400,,,2007,
,,,,400,,,2008,
,,,,400,,,2009,
24.356775,,66.912895,52.638229,400,Jordan,JOR,2010,400.201
,,,,400,,,2011,
23.44906,,68.808083,31.556412,400,Jordan,JOR,2012,400.2012
,,,,400,,,2013,
13.25,,,49.378044,400,Jordan,JOR,2014,400.2014
,,,,400,,,2015,
,,,,404,,,1995,
,,,,404,,,1996,
,,,,404,,,1997,
,,,,404,,,1998,
,,,,404,,,1999,
,,,,404,,,2000,
,,,,404,,,2001,
,,,,404,,,2002,
,74.402916,89.058296,58.05785,404,Kenya,KEN,2003,404.2003
,,77.710846,52.749493,404,Kenya,KEN,2004,404.2004
9.7637796,62.047607,87.171524,72.044952,404,Kenya,KEN,2005,404.2005
,,,,404,,,2006,
,,,,404,,,2007,
48.213184,57.766991,88.442703,28.245451,404,Kenya,KEN,2008,404.2008
,,,,404,,,2009,
,,,,404,,,2010,
9.1025639,60.659721,84.634705,37.585487,404,Kenya,KEN,2011,404.2011
,,,,404,,,2012,
,,,,404,,,2013,
,65.355461,84.578255,60.435863,404,Kenya,KEN,2014,404.2014
,,,,404,,,2015,
,,,,410,,,1995,
,,,,410,,,1996,
,,,,410,,,1997,
,,,,410,,,1998,
,,,,410,,,1999,
,45.666664,,46.293243,410,South Korea,KOR,2000,410.2
,,,,410,,,2001,
,,,,410,,,2002,
57.80677,45.293499,57.075001,39.880951,410,South Korea,KOR,2003,410.2003
58.299057,45.076141,62.407421,67.735046,410,South Korea,KOR,2004,410.2004
48.791809,54.30307,48.320694,55.450157,410,South Korea,KOR,2005,410.2005
,,,,410,,,2006,
45.923847,62.457912,62.989445,59.741657,410,South Korea,KOR,2007,410.2007
,,,,410,,,2008,
,,,,410,,,2009,
,,,,410,,,2010,
,,,,410,,,2011,
,,,,410,,,2012,
,,,,410,,,2013,
,,,,410,,,2014,
,,,,410,,,2015,
,,,,414,,,1995,
,,,,414,,,1996,
,,,,414,,,1997,
,,,,414,,,1998,
,,,,414,,,1999,
,,,,414,,,2000,
,,,,414,,,2001,
,,,,414,,,2002,
,,,,414,,,2003,
,,,,414,,,2004,
,,,,414,,,2005,
,,,,414,,,2006,
,,,,414,,,2007,
,,,,414,,,2008,
,,,,414,,,2009,
,,,,414,,,2010,
,,,,414,,,2011,
,,,,414,,,2012,
,,,,414,,,2013,
41.83532,,58.93037,64.956764,414,Kuwait,KWT,2014,414.2014
,,,,414,,,2015,
,,,,417,,,1995,
,,,,417,,,1996,
,,,,417,,,1997,
,,,,417,,,1998,
,,,,417,,,1999,
,,,,417,,,2000,
,,,,417,,,2001,
,,,,417,,,2002,
,,,,417,,,2003,
,,,,417,,,2004,
,,,,417,,,2005,
,,,,417,,,2006,
,,,,417,,,2007,
,,,,417,,,2008,
,,,,417,,,2009,
,,,,417,,,2010,
38.041958,,,47.799683,417,Kyrgyzstan,KGZ,2011,417.2011
,,,,417,,,2012,
,,,,417,,,2013,
,,,,417,,,2014,
,,,,417,,,2015,
,,,,422,,,1995,
,,,,422,,,1996,
,,,,422,,,1997,
,,,,422,,,1998,
,,,,422,,,1999,
,,,,422,,,2000,
,,,,422,,,2001,
,,,,422,,,2002,
,,,,422,,,2003,
,,,,422,,,2004,
,,,,422,,,2005,
,,,,422,,,2006,
16.227697,,79.747559,59.117645,422,Lebanon,LBN,2007,422.2007
,,,,422,,,2008,
,,,,422,,,2009,
16.356876,,77.02076,51.609631,422,Lebanon,LBN,2010,422.201
,,,,422,,,2011,
,,,,422,,,2012,
11.676224,,78.675644,48.765255,422,Lebanon,LBN,2013,422.2013
,,,,422,,,2014,
,,,,422,,,2015,
,,,,426,,,1995,
,,,,426,,,1996,
,,,,426,,,1997,
,,,,426,,,1998,
,,,,426,,,1999,
3.9689388,59.349594,69.19014,62.7551,426,Lesotho,LSO,2000,426.2
,,,,426,,,2001,
,,,,426,,,2002,
,,,,426,,,2003,
,,,,426,,,2004,
16.365202,58.250248,68.443001,84.523811,426,Lesotho,LSO,2005,426.2005
,,,,426,,,2006,
,,,,426,,,2007,
49.37133,49.703739,58.198196,63.363361,426,Lesotho,LSO,2008,426.2008
,,,,426,,,2009,
,,,,426,,,2010,
,,,,426,,,2011,
5.2896724,62.19622,69.26564,83.944,426,Lesotho,LSO,2012,426.2012
,,,,426,,,2013,
,50.490196,67.516525,82.678169,426,Lesotho,LSO,2014,426.2014
,,,,426,,,2015,
,,,,428,,,1995,
,,,,428,,,1996,
,,,,428,,,1997,
,,,,428,,,1998,
,,,,428,,,1999,
,,,44.262295,428,Latvia,LVA,2000,428.2
,,,,428,,,2001,
,,,,428,,,2002,
,,,,428,,,2003,
34.95813,45.480358,67.56694,53.604626,428,Latvia,LVA,2004,428.2004
,,,,428,,,2005,
,,,,428,,,2006,
,,,,428,,,2007,
,,,,428,,,2008,
,,,,428,,,2009,
,,,,428,,,2010,
,,,,428,,,2011,
,,,,428,,,2012,
,,,,428,,,2013,
,,,,428,,,2014,
,,,,428,,,2015,
,,,,430,,,1995,
,,,,430,,,1996,
,,,,430,,,1997,
,,,,430,,,1998,
,,,,430,,,1999,
,,,,430,,,2000,
,,,,430,,,2001,
,,,,430,,,2002,
,,,,430,,,2003,
,,,,430,,,2004,
,,,,430,,,2005,
,,,,430,,,2006,
,,,,430,,,2007,
36.73925,64.08696,83.421989,64.217804,430,Liberia,LBR,2008,430.2008
,,,,430,,,2009,
,,,,430,,,2010,
,,,,430,,,2011,
17.602997,69.320137,91.155235,73.122063,430,Liberia,LBR,2012,430.2012
,,,,430,,,2013,
,,,,430,,,2014,
,58.178604,82.820023,53.24794,430,Liberia,LBR,2015,430.2015
,,,,434,,,1995,
,,,,434,,,1996,
,,,,434,,,1997,
,,,,434,,,1998,
,,,,434,,,1999,
,,,,434,,,2000,
,,,,434,,,2001,
,,,,434,,,2002,
,,,,434,,,2003,
,,,,434,,,2004,
,,,,434,,,2005,
,,,,434,,,2006,
,,,,434,,,2007,
,,,,434,,,2008,
,,,,434,,,2009,
,,,,434,,,2010,
,,,,434,,,2011,
,,,,434,,,2012,
,,,,434,,,2013,
20.307465,,67.774696,57.896667,434,Libya,LBY,2014,434.2014
,,,,434,,,2015,
,,,,440,,,1995,
,,,,440,,,1996,
,,,,440,,,1997,
,45.716343,,61.450779,440,Lithuania,LTU,1998,440.1998
,,,,440,,,1999,
,,,59.466019,440,Lithuania,LTU,2000,440.2
,,,,440,,,2001,
,,,,440,,,2002,
,,,,440,,,2003,
38.330544,42.689514,74.68531,53.051769,440,Lithuania,LTU,2004,440.2004
49.781364,40.793808,64.60717,37.552742,440,Lithuania,LTU,2005,440.2005
,,,,440,,,2006,
,,,,440,,,2007,
,,,,440,,,2008,
,,,,440,,,2009,
,,,,440,,,2010,
,,,,440,,,2011,
,,,,440,,,2012,
,,,,440,,,2013,
,,,,440,,,2014,
,,,,440,,,2015,
,,,,442,,,1995,
,,,,442,,,1996,
,,,,442,,,1997,
,,,,442,,,1998,
,,,,442,,,1999,
,64.824715,,87.234039,442,Luxembourg,LUX,2000,442.2
,,,,442,,,2001,
,,,,442,,,2002,
52.133072,64.960358,,87.656906,442,Luxembourg,LUX,2003,442.2003
43.275196,67.605515,78.848724,87.195122,442,Luxembourg,LUX,2004,442.2004
,,,,442,,,2005,
,,,,442,,,2006,
,70.691734,85.048012,70.711296,442,Luxembourg,LUX,2007,442.2007
,,,,442,,,2008,
,,,,442,,,2009,
,,,,442,,,2010,
,,,,442,,,2011,
,,,,442,,,2012,
,,,,442,,,2013,
,,,,442,,,2014,
,,,,442,,,2015,
,,,,450,,,1995,
,,,,450,,,1996,
,,,,450,,,1997,
,,,,450,,,1998,
,,,,450,,,1999,
,,,,450,,,2000,
,,,,450,,,2001,
,,,,450,,,2002,
,,,,450,,,2003,
,,,,450,,,2004,
32.686565,55.033558,71.966911,80.507309,450,Madagascar,MDG,2005,450.2005
,,,,450,,,2006,
,,,,450,,,2007,
36.10215,49.758953,72.661469,83.060112,450,Madagascar,MDG,2008,450.2008
,,,,450,,,2009,
,,,,450,,,2010,
,,,,450,,,2011,
,,,,450,,,2012,
27.480917,45.996094,69.56044,83.450211,450,Madagascar,MDG,2013,450.2013
,42.327667,69.620811,79.610825,450,Madagascar,MDG,2014,450.2014
,,,,450,,,2015,
,,,,454,,,1995,
,,,,454,,,1996,
,,,,454,,,1997,
,,,,454,,,1998,
44.792549,63.871513,72.419624,63.532764,454,Malawi,MWI,1999,454.1999
,,,,454,,,2000,
,,,,454,,,2001,
,,,,454,,,2002,
,,,,454,,,2003,
,,,,454,,,2004,
6.9198313,50.130547,69.333908,46.749409,454,Malawi,MWI,2005,454.2005
,,,,454,,,2006,
,,,,454,,,2007,
59.078133,67.588493,82.114883,66.455505,454,Malawi,MWI,2008,454.2008
,,,,454,,,2009,
,,,,454,,,2010,
,,,,454,,,2011,
20.951586,64.932671,82.498932,75.163994,454,Malawi,MWI,2012,454.2012
,,,,454,,,2013,
,61.902615,80.824699,76.383705,454,Malawi,MWI,2014,454.2014
,,,,454,,,2015,
,,,,458,,,1995,
,,,,458,,,1996,
,,,,458,,,1997,
,,,,458,,,1998,
,,,,458,,,1999,
,,,79.537956,458,Malaysia,MYS,2000,458.2
,,,,458,,,2001,
,,,,458,,,2002,
9.0566034,70.397354,81.086388,91.897888,458,Malaysia,MYS,2003,458.2003
19.43734,74.772133,75.654106,89.97821,458,Malaysia,MYS,2004,458.2004
,67.850952,70.049149,82.660942,458,Malaysia,MYS,2005,458.2005
,,,,458,,,2006,
53.975731,67.59536,65.324158,76.572205,458,Malaysia,MYS,2007,458.2007
,,,,458,,,2008,
,,,,458,,,2009,
,,,,458,,,2010,
,,,,458,,,2011,
8.5384617,,,62.596504,458,Malaysia,MYS,2012,458.2012
,,,,458,,,2013,
,,,,458,,,2014,
,,,,458,,,2015,
,,,,466,,,1995,
,,,,466,,,1996,
,,,,466,,,1997,
,,,,466,,,1998,
,,,,466,,,1999,
,,,,466,,,2000,
12.644788,65.829506,72.355194,60.900898,466,Mali,MLI,2001,466.2001
,,,,466,,,2002,
,,,,466,,,2003,
,,,,466,,,2004,
22.921711,66.847824,75.864906,69.772255,466,Mali,MLI,2005,466.2005
,,,,466,,,2006,
,,,,466,,,2007,
56.425041,63.063831,81.108315,71.449272,466,Mali,MLI,2008,466.2008
,,,,466,,,2009,
,,,,466,,,2010,
,,,,466,,,2011,
24.227234,51.145039,71.542999,66.304344,466,Mali,MLI,2012,466.2012
,,,,466,,,2013,
,61.551434,80.225754,82.725693,466,Mali,MLI,2014,466.2014
,,,,466,,,2015,
,,,,480,,,1995,
,,,,480,,,1996,
,,,,480,,,1997,
,,,,480,,,1998,
,,,,480,,,1999,
,,,,480,,,2000,
,,,,480,,,2001,
,,,,480,,,2002,
,,,,480,,,2003,
,,,,480,,,2004,
,,,,480,,,2005,
,,,,480,,,2006,
,,,,480,,,2007,
,,,,480,,,2008,
,,,,480,,,2009,
,,,,480,,,2010,
,,,,480,,,2011,
12.050209,71.027046,90.36348,82.662094,480,Mauritius,MUS,2012,480.2012
,,,,480,,,2013,
,69.15078,90.964912,81.867813,480,Mauritius,MUS,2014,480.2014
,,,,480,,,2015,
,30.73436,69.606903,13.223141,484,Mexico,MEX,1995,484.1995
26.297485,26.266756,65.848221,14.317343,484,Mexico,MEX,1996,484.1996
44.082012,45.902649,60.740742,41.352657,484,Mexico,MEX,1997,484.1997
40.595745,30.150461,61.489361,29.304348,484,Mexico,MEX,1998,484.1998
,,,,484,,,1999,
28.288422,44.817364,61.6763,41.835579,484,Mexico,MEX,2000,484.2
,,,,484,,,2001,
,,,,484,,,2002,
18.250631,34.249805,66.384109,50.076103,484,Mexico,MEX,2003,484.2003
40.988838,43.575825,73.218185,43.503937,484,Mexico,MEX,2004,484.2004
20.179546,37.717155,69.06115,25.174664,484,Mexico,MEX,2005,484.2005
44.660118,45.190849,76.010017,44.744186,484,Mexico,MEX,2006,484.2006
27.661964,38.082901,68.511795,52.673092,484,Mexico,MEX,2007,484.2007
38.930573,43.154434,73.524231,53.098499,484,Mexico,MEX,2008,484.2008
29.473553,35.968723,65.370369,24.13179,484,Mexico,MEX,2009,484.2009
41.59985,40.001297,74.330551,50.661461,484,Mexico,MEX,2010,484.201
,,,,484,,,2011,
34.595154,40.885185,81.663261,49.923153,484,Mexico,MEX,2012,484.2012
,,,,484,,,2013,
59.485531,41.915504,75.034485,39.42514,484,Mexico,MEX,2014,484.2014
16.120907,27.634848,67.636681,34.725925,484,Mexico,MEX,2015,484.2015
,,,,496,,,1995,
,,,,496,,,1996,
,,,,496,,,1997,
,,,,496,,,1998,
,,,,496,,,1999,
,,,,496,,,2000,
,,,,496,,,2001,
,,,,496,,,2002,
,,,,496,,,2003,
,,,,496,,,2004,
,,,,496,,,2005,
89.372383,57.520153,37.542809,66.871162,496,Mongolia,MNG,2006,496.2006
,,,,496,,,2007,
,,,,496,,,2008,
,,,,496,,,2009,
13.651591,49.205021,59.6105,63.040936,496,Mongolia,MNG,2010,496.201
,,,,496,,,2011,
,,,,496,,,2012,
,,,,496,,,2013,
,,,,496,,,2014,
,,,,496,,,2015,
,,,,498,,,1995,
,,,,498,,,1996,
,,,,498,,,1997,
,,,,498,,,1998,
,,,,498,,,1999,
,,,,498,,,2000,
,,,,498,,,2001,
,,,,498,,,2002,
,,,,498,,,2003,
,,67.40741,32.444443,498,Moldova,MDA,2004,498.2004
,55.864197,71.067818,45.922749,498,Moldova,MDA,2005,498.2005
,,,,498,,,2006,
,53.635242,62.696125,37.579617,498,Moldova,MDA,2007,498.2007
,,,,498,,,2008,
,,,,498,,,2009,
,,,,498,,,2010,
,,,,498,,,2011,
,,,,498,,,2012,
,,,,498,,,2013,
,,,,498,,,2014,
,,,,498,,,2015,
,,,,504,,,1995,
,,,,504,,,1996,
,,,,504,,,1997,
,,,,504,,,1998,
,,,,504,,,1999,
,,,,504,,,2000,
,,,,504,,,2001,
,,,,504,,,2002,
,,,,504,,,2003,
,,,,504,,,2004,
,,,,504,,,2005,
19.952114,,81.676575,35.181309,504,Morocco,MAR,2006,504.2006
,,,,504,,,2007,
,,,,504,,,2008,
,,,,504,,,2009,
,,,,504,,,2010,
,,,,504,,,2011,
,,,,504,,,2012,
14.798071,59.390125,72.120148,49.848606,504,Morocco,MAR,2013,504.2013
,,,,504,,,2014,
,60.784775,80.941063,45.485325,504,Morocco,MAR,2015,504.2015
,,,,508,,,1995,
,,,,508,,,1996,
,,,,508,,,1997,
,,,,508,,,1998,
,,,,508,,,1999,
,,,,508,,,2000,
,,,,508,,,2001,
,,,,508,,,2002,
,,,,508,,,2003,
,,,,508,,,2004,
25.164938,74.004974,79.945053,81.027061,508,Mozambique,MOZ,2005,508.2005
,,,,508,,,2006,
,,,,508,,,2007,
38.333332,68.06723,75.09671,82.443016,508,Mozambique,MOZ,2008,508.2008
,,,,508,,,2009,
,,,,508,,,2010,
,,,,508,,,2011,
12.660944,59.46624,81.293022,75.830223,508,Mozambique,MOZ,2012,508.2012
,,,,508,,,2013,
,,,,508,,,2014,
,52.781937,68.058632,56.982086,508,Mozambique,MOZ,2015,508.2015
,,,,516,,,1995,
,,,,516,,,1996,
,,,,516,,,1997,
,,,,516,,,1998,
35.12241,73.295235,78.361343,79.821198,516,Namibia,NAM,1999,516.1999
,,,,516,,,2000,
,,,,516,,,2001,
,,,,516,,,2002,
,,,,516,,,2003,
,,,,516,,,2004,
,,,,516,,,2005,
28.165375,74.72924,75.897186,77.113091,516,Namibia,NAM,2006,516.2006
,,,,516,,,2007,
39.3018,70.886345,77.037354,80.505951,516,Namibia,NAM,2008,516.2008
,,,,516,,,2009,
,,,,516,,,2010,
,,,,516,,,2011,
24.558304,69.195305,75,77.054688,516,Namibia,NAM,2012,516.2012
,,,,516,,,2013,
,73.950134,83.617744,74.918083,516,Namibia,NAM,2014,516.2014
,,,,516,,,2015,
,,,,528,,,1995,
,,,,528,,,1996,
,,,,528,,,1997,
54.841995,64.019836,,90.033501,528,Netherlands,NLD,1998,528.1998
,,,,528,,,1999,
,60.640457,,94.404762,528,Netherlands,NLD,2000,528.2000000000001
,,,,528,,,2001,
,,,,528,,,2002,
,56.984108,,81.950211,528,Netherlands,NLD,2003,528.2003
58.54427,59.396667,81.32888,83.242058,528,Netherlands,NLD,2004,528.2004
69.857094,62.995396,76.558266,82.931725,528,Netherlands,NLD,2005,528.2005
,,,,528,,,2006,
,65.200935,78.081688,86.063828,528,Netherlands,NLD,2007,528.2007
,,,,528,,,2008,
,,,,528,,,2009,
,,,,528,,,2010,
,,,,528,,,2011,
63.347641,62.634216,,79.743187,528,Netherlands,NLD,2012,528.2012
,,,,528,,,2013,
,,,,528,,,2014,
,,,,528,,,2015,
,,,,554,,,1995,
,57.527275,,78.761063,554,New Zealand,NZL,1996,554.1996
,,,,554,,,1997,
,,,,554,,,1998,
,,,,554,,,1999,
,,,,554,,,2000,
,,,,554,,,2001,
,,,,554,,,2002,
,59.500889,,86.343613,554,New Zealand,NZL,2003,554.2003
,,,,554,,,2004,
,,,,554,,,2005,
,,,,554,,,2006,
,,,,554,,,2007,
,,,,554,,,2008,
,,,,554,,,2009,
,,,,554,,,2010,
,,,,554,,,2011,
,,,,554,,,2012,
,,,,554,,,2013,
,,,,554,,,2014,
,,,,554,,,2015,
,,,,558,,,1995,
20.79208,37.219429,74.47699,74.316292,558,Nicaragua,NIC,1996,558.1996
35.359676,54.654346,75.180229,52.108109,558,Nicaragua,NIC,1997,558.1997
10.9375,36.02206,82.774872,39.6861,558,Nicaragua,NIC,1998,558.1998
,,,,558,,,1999,
11.478801,27.238291,80.765144,44.205467,558,Nicaragua,NIC,2000,558.2000000000001
,,,,558,,,2001,
,,,,558,,,2002,
,,,,558,,,2003,
34.267365,41.279747,74.815254,48.168499,558,Nicaragua,NIC,2004,558.2004
11.180773,40.66608,75.23568,27.49752,558,Nicaragua,NIC,2005,558.2005
40.852509,40.631348,73.10553,36.669209,558,Nicaragua,NIC,2006,558.2006
21.036585,47.535332,77.705627,63.095238,558,Nicaragua,NIC,2007,558.2007
40.373207,45.416859,82.798981,45.634117,558,Nicaragua,NIC,2008,558.2008
20.35865,41.863651,74.916756,37.136204,558,Nicaragua,NIC,2009,558.2009000000001
37.935818,46.43898,82.560974,41.722519,558,Nicaragua,NIC,2010,558.201
,,,,558,,,2011,
61.813076,55.00811,87.848488,54.479538,558,Nicaragua,NIC,2012,558.2012
,,,,558,,,2013,
61.827255,53.212849,79.480164,51.203644,558,Nicaragua,NIC,2014,558.2014
16.59836,53.734669,67.403625,50.554234,558,Nicaragua,NIC,2015,558.2015
,,,,562,,,1995,
,,,,562,,,1996,
,,,,562,,,1997,
,,,,562,,,1998,
,,,,562,,,1999,
,,,,562,,,2000,
,,,,562,,,2001,
,,,,562,,,2002,
,,,,562,,,2003,
,,,,562,,,2004,
,,,,562,,,2005,
,,,,562,,,2006,
,,,,562,,,2007,
,,,,562,,,2008,
,,,,562,,,2009,
,,,,562,,,2010,
,,,,562,,,2011,
,,,,562,,,2012,
46.937016,70.272644,79.991356,80.203514,562,Niger,NER,2013,562.2013
,,,,562,,,2014,
,72.630112,83.529945,88.381996,562,Niger,NER,2015,562.2015
,,,,566,,,1995,
,,,,566,,,1996,
,,,,566,,,1997,
,,,,566,,,1998,
15.425681,78.712784,86.002785,69.334541,566,Nigeria,NGA,1999,566.1999
25.587206,56.878437,48.740063,60.75322,566,Nigeria,NGA,2000,566.2000000000001
,,,,566,,,2001,
,,,,566,,,2002,
,50.713089,74.271843,15.451389,566,Nigeria,NGA,2003,566.2003
,,75.249496,10.885046,566,Nigeria,NGA,2004,566.2004
13.149712,50.642033,78.592377,21.633913,566,Nigeria,NGA,2005,566.2005
,,,,566,,,2006,
,61.769794,80.052551,34.04002,566,Nigeria,NGA,2007,566.2007
33.523056,48.572685,77.824364,33.728531,566,Nigeria,NGA,2008,566.2008
,,,,566,,,2009,
,,,,566,,,2010,
14.781126,,,44.953224,566,Nigeria,NGA,2011,566.2011
16.652098,51.601089,75.336136,66.737953,566,Nigeria,NGA,2012,566.2012
,,,,566,,,2013,
,50.519508,73.53952,49.691357,566,Nigeria,NGA,2014,566.2014
,,,,566,,,2015,
,,,,578,,,1995,
,,,,578,,,1996,
,72.38002,,92.75769,578,Norway,NOR,1997,578.1997
,,,,578,,,1998,
,,,,578,,,1999,
,59.196545,,88.246628,578,Norway,NOR,2000,578.2000000000001
,,,,578,,,2001,
,,,,578,,,2002,
,58.381363,,81.724846,578,Norway,NOR,2003,578.2003
61.729008,64.513458,89.462807,85.47718,578,Norway,NOR,2004,578.2004
73.905548,72.3657,89.687294,80.79332,578,Norway,NOR,2005,578.2005
,,,,578,,,2006,
67.705818,83.214645,89.798706,80.842102,578,Norway,NOR,2007,578.2007
,,,,578,,,2008,
,,,,578,,,2009,
,,,,578,,,2010,
,,,,578,,,2011,
66.975311,72.409935,,89.569557,578,Norway,NOR,2012,578.2012
,,,,578,,,2013,
,,,,578,,,2014,
,,,,578,,,2015,
,,,,586,,,1995,
,,,,586,,,1996,
,,,,586,,,1997,
,,,,586,,,1998,
,,,,586,,,1999,
,,,28.645834,586,Pakistan,PAK,2000,586.2000000000001
,,,,586,,,2001,
,,,,586,,,2002,
,,,33.974358,586,Pakistan,PAK,2003,586.2003
,,58.62944,36.50568,586,Pakistan,PAK,2004,586.2004
49.559258,56.984566,66.385239,28.929766,586,Pakistan,PAK,2005,586.2005
,,,,586,,,2006,
,60.908085,69.097603,16.605618,586,Pakistan,PAK,2007,586.2007
,,,,586,,,2008,
,,,,586,,,2009,
,,,,586,,,2010,
,,,,586,,,2011,
23.916811,,,47.475891,586,Pakistan,PAK,2012,586.2012
,,,,586,,,2013,
,,,,586,,,2014,
,,,,586,,,2015,
,,,,591,,,1995,
24.875124,35.654221,83.67662,62.987736,591,Panama,PAN,1996,591.1996
20.445345,46.135986,81.706062,49.342106,591,Panama,PAN,1997,591.1997
18.698347,42.2043,82.949791,50.221237,591,Panama,PAN,1998,591.1998
,,,,591,,,1999,
15.560166,49.709995,72.918861,69.503174,591,Panama,PAN,2000,591.2000000000001
,,,,591,,,2001,
,,,,591,,,2002,
,,,,591,,,2003,
36.9715,46.650963,81.341415,65.480614,591,Panama,PAN,2004,591.2004
16.494844,42.852737,73.817345,61.827835,591,Panama,PAN,2005,591.2005
31.939636,47.250408,73.719994,54.780018,591,Panama,PAN,2006,591.2006
24.623655,53.996616,75.773232,63.674034,591,Panama,PAN,2007,591.2007
39.975391,48.264915,81.743698,47.82222,591,Panama,PAN,2008,591.2008
20.230608,60.902775,77.850876,78.762009,591,Panama,PAN,2009,591.2009000000001
40.81308,60.147236,80.626221,61.887497,591,Panama,PAN,2010,591.201
,,,,591,,,2011,
68.393677,56.921085,87.240257,48.049755,591,Panama,PAN,2012,591.2012
,,,,591,,,2013,
60.700817,55.832771,73.41185,51.435246,591,Panama,PAN,2014,591.2014
23.906084,44.723969,67.947182,46.135265,591,Panama,PAN,2015,591.2015
,39.138577,67.775665,10.441767,600,Paraguay,PRY,1995,600.1994999999999
23.569023,36.435417,67.150169,34.56562,600,Paraguay,PRY,1996,600.1996
9.3474426,25.444839,54.316547,14.1527,600,Paraguay,PRY,1997,600.1997
13.636364,33.38945,58.064518,36.298931,600,Paraguay,PRY,1998,600.1998
,,,,600,,,1999,
16.943521,19.810795,54.083332,31.738813,600,Paraguay,PRY,2000,600.2000000000001
,,,,600,,,2001,
,,,,600,,,2002,
,,,,600,,,2003,
,,,,600,,,2004,
14.105793,38.684563,59.657135,30.640808,600,Paraguay,PRY,2005,600.2005
39.898617,23.75835,58.552063,29.780647,600,Paraguay,PRY,2006,600.2006
6.1381073,20.245224,49.59605,48.140495,600,Paraguay,PRY,2007,600.2007
38.783119,30.89534,58.760052,24.178404,600,Paraguay,PRY,2008,600.2008
16.243654,39.001122,57.692307,52.722324,600,Paraguay,PRY,2009,600.2009000000001
38.015495,44.698677,67.174599,42.491226,600,Paraguay,PRY,2010,600.201
,,,,600,,,2011,
67.430885,48.138176,69.754768,49.213943,600,Paraguay,PRY,2012,600.2012
,,,,600,,,2013,
71.115578,47.674953,66.081871,46.081829,600,Paraguay,PRY,2014,600.2014
21.525423,36.355709,54.424778,43.952244,600,Paraguay,PRY,2015,600.2015
,49.884258,66.43898,63.827839,604,Peru,PER,1995,604.1994999999999
9.7869844,41.172951,74.494255,53.756096,604,Peru,PER,1996,604.1996
13.596059,34.238766,74.440895,28.556376,604,Peru,PER,1997,604.1997
13.513514,30.834976,77.593361,23.919916,604,Peru,PER,1998,604.1998
,,,,604,,,1999,
11.165524,38.780956,78.381256,47.008408,604,Peru,PER,2000,604.2000000000001
,,,,604,,,2001,
,,,,604,,,2002,
15.698178,26.109215,66.769913,26.775957,604,Peru,PER,2003,604.2003
14.506437,22.051281,61.409206,30.213903,604,Peru,PER,2004,604.2004
15.544042,33.839886,60.087929,21.030251,604,Peru,PER,2005,604.2005
24.408407,40.491425,68.243813,45.570606,604,Peru,PER,2006,604.2006
14.346712,44.864204,66.054115,51.19569,604,Peru,PER,2007,604.2007
30.836731,36.799007,68.844391,44.43692,604,Peru,PER,2008,604.2008
17.474049,37.069988,70.112785,29.724771,604,Peru,PER,2009,604.2009000000001
30.536705,42.376789,75.383347,49.614773,604,Peru,PER,2010,604.201
,,,,604,,,2011,
29.466257,50.543732,77.131783,52.575031,604,Peru,PER,2012,604.2012
,,,,604,,,2013,
51.488297,44.273743,72.338127,45.859798,604,Peru,PER,2014,604.2014
18.197426,37.953217,71.230339,51.52684,604,Peru,PER,2015,604.2015
,,,,608,,,1995,
,,,,608,,,1996,
,,,,608,,,1997,
,,,,608,,,1998,
,,,,608,,,1999,
,,,46.680496,608,Philippines,PHL,2000,608.2000000000001
,,,,608,,,2001,
,,,,608,,,2002,
,52.780128,,38.297871,608,Philippines,PHL,2003,608.2003
20.29077,51.691845,63.227497,29.094608,608,Philippines,PHL,2004,608.2004
91.993034,44.202278,59.094574,35.771591,608,Philippines,PHL,2005,608.2005
,,,,608,,,2006,
22.84128,60.909317,52.382957,21.919191,608,Philippines,PHL,2007,608.2007
,,,,608,,,2008,
,,,,608,,,2009,
20.508795,51.680805,66.878708,52.772911,608,Philippines,PHL,2010,608.201
,,,,608,,,2011,
2.8428094,,,49.764797,608,Philippines,PHL,2012,608.2012
,,,,608,,,2013,
,,,,608,,,2014,
,,,,608,,,2015,
,,,,616,,,1995,
,,,,616,,,1996,
17.906336,52.444065,72.222221,76.424149,616,Poland,POL,1997,616.1997
,,,,616,,,1998,
,,,,616,,,1999,
,30.1084,67.763161,64.189186,616,Poland,POL,2000,616.2000000000001
,,,,616,,,2001,
,,,,616,,,2002,
,33.593864,,55.049259,616,Poland,POL,2003,616.2003
33.385658,39.228783,60.26276,60.301147,616,Poland,POL,2004,616.2004
31.842953,46.75618,73.263481,52.894737,616,Poland,POL,2005,616.2005
,,,,616,,,2006,
41.228756,54.791481,69.635475,52.733902,616,Poland,POL,2007,616.2007
,,,,616,,,2008,
,,,,616,,,2009,
,,,,616,,,2010,
,,,,616,,,2011,
32.036339,48.078098,,70.689148,616,Poland,POL,2012,616.2012
,,,,616,,,2013,
,,,,616,,,2014,
,,,,616,,,2015,
,,,,620,,,1995,
,,,,620,,,1996,
,,,,620,,,1997,
,,,,620,,,1998,
,,,,620,,,1999,
,,,,620,,,2000,
,,,,620,,,2001,
,44.84071,,84.072083,620,Portugal,PRT,2002,620.2002
40.006641,41.760056,,80.084747,620,Portugal,PRT,2003,620.2003
35.650486,43.441227,79.148933,83.905579,620,Portugal,PRT,2004,620.2004
43.220436,45.835323,78.293968,86.419754,620,Portugal,PRT,2005,620.2005
,,,,620,,,2006,
40.894497,48.941933,77.938988,80.605385,620,Portugal,PRT,2007,620.2007
,,,,620,,,2008,
,,,,620,,,2009,
,,,,620,,,2010,
,,,,620,,,2011,
,,,,620,,,2012,
35.95715,30.584846,,71.262474,620,Portugal,PRT,2013,620.2013
,,,,620,,,2014,
,,,,620,,,2015,
,,,,642,,,1995,
,48.92379,,82.27961,642,Romania,ROU,1996,642.1996
,,,,642,,,1997,
,,,,642,,,1998,
,,,,642,,,1999,
,,,61.339714,642,Romania,ROU,2000,642.2000000000001
,,,,642,,,2001,
,,,,642,,,2002,
,,,,642,,,2003,
38.494568,40.361073,74.321869,62.724705,642,Romania,ROU,2004,642.2004
33.692543,48.039337,78.860031,77.520279,642,Romania,ROU,2005,642.2005
,,,,642,,,2006,
,49.97224,72.469917,58.859974,642,Romania,ROU,2007,642.2007
,,,,642,,,2008,
,,,,642,,,2009,
,,,,642,,,2010,
,,,,642,,,2011,
7.1236558,28.202627,,53.944313,642,Romania,ROU,2012,642.2012
,,,,642,,,2013,
,,,,642,,,2014,
,,,,642,,,2015,
,,,,643,,,1995,
,,,,643,,,1996,
,,,,643,,,1997,
,,,,643,,,1998,
23.975155,25.483112,56.154392,62.818211,643,Russia,RUS,1999,643.1999
,,,9.7441483,643,Russia,RUS,2000,643.2000000000001
,,,,643,,,2001,
,,,,643,,,2002,
,27.196148,49.176693,25.29833,643,Russia,RUS,2003,643.2003
43.28455,50.861118,53.719254,33.2882,643,Russia,RUS,2004,643.2004
,43.104191,51.43475,23.839796,643,Russia,RUS,2005,643.2005
,,,,643,,,2006,
36.754383,55.282391,58.494335,28.966425,643,Russia,RUS,2007,643.2007
,,,,643,,,2008,
,,,,643,,,2009,
,,,,643,,,2010,
,,,,643,,,2011,
43.870182,38.958366,,43.371647,643,Russia,RUS,2012,643.2012
,,,,643,,,2013,
,,,,643,,,2014,
,,,,643,,,2015,
,,,,646,,,1995,
,,,,646,,,1996,
,,,,646,,,1997,
,,,,646,,,1998,
,,,,646,,,1999,
,,,,646,,,2000,
,,,,646,,,2001,
,,,,646,,,2002,
,,,,646,,,2003,
,,,,646,,,2004,
,,,,646,,,2005,
,,,,646,,,2006,
,,,,646,,,2007,
,,,,646,,,2008,
,,,,646,,,2009,
,,,,646,,,2010,
,,,,646,,,2011,
16.633923,,,70.407349,646,Rwanda,RWA,2012,646.2012
,,,,646,,,2013,
,,,,646,,,2014,
,,,,646,,,2015,
,,,,678,,,1995,
,,,,678,,,1996,
,,,,678,,,1997,
,,,,678,,,1998,
,,,,678,,,1999,
,,,,678,,,2000,
,,,,678,,,2001,
,,,,678,,,2002,
,,,,678,,,2003,
,,,,678,,,2004,
,,,,678,,,2005,
,,,,678,,,2006,
,,,,678,,,2007,
,,,,678,,,2008,
,,,,678,,,2009,
,,,,678,,,2010,
,,,,678,,,2011,
,,,,678,,,2012,
,,,,678,,,2013,
,,,,678,,,2014,
,49.88879,72.05732,84.308434,678,Sao Tome & Principe,STP,2015,678.2015
,,,,682,,,1995,
,,,,682,,,1996,
,,,,682,,,1997,
,,,,682,,,1998,
,,,,682,,,1999,
,,,,682,,,2000,
,,,,682,,,2001,
,,,,682,,,2002,
,,,,682,,,2003,
,,,,682,,,2004,
,,,,682,,,2005,
,,,,682,,,2006,
,,,,682,,,2007,
,,,,682,,,2008,
,,,,682,,,2009,
,,,,682,,,2010,
23.780016,,61.84586,53.81818,682,Saudi Arabia,SAU,2011,682.2011
,,,,682,,,2012,
,,,,682,,,2013,
,,,,682,,,2014,
,,,,682,,,2015,
,,,,686,,,1995,
,,,,686,,,1996,
,,,,686,,,1997,
,,,,686,,,1998,
,,,,686,,,1999,
,,,,686,,,2000,
,,,,686,,,2001,
,,,,686,,,2002,
,,,,686,,,2003,
,,,,686,,,2004,
26.773649,72.300957,86.897217,84.873726,686,Senegal,SEN,2005,686.2005
,,,,686,,,2006,
,62.29739,88.367348,54.684097,686,Senegal,SEN,2007,686.2007
57.19664,54.099243,89.636749,69.245461,686,Senegal,SEN,2008,686.2008
,,,,686,,,2009,
,,,,686,,,2010,
,,,,686,,,2011,
,,,,686,,,2012,
29.966612,70.562767,92.042557,89.601143,686,Senegal,SEN,2013,686.2013
,69.436874,93.546928,88.159813,686,Senegal,SEN,2014,686.2014
,,,,686,,,2015,
,,,,688,,,1995,
,,,,688,,,1996,
,,,,688,,,1997,
,,,,688,,,1998,
,,,,688,,,1999,
,,,,688,,,2000,
,,,,688,,,2001,
,,,,688,,,2002,
,,,59.869846,688,Serbia,SRB,2003,688.2003
,,,,688,,,2004,
,43.355118,65.463165,40.636475,688,Serbia,SRB,2005,688.2005
,,,,688,,,2006,
,50.219296,61.583794,47.568211,688,Serbia,SRB,2007,688.2007
,,,,688,,,2008,
,,,,688,,,2009,
,,,,688,,,2010,
,,,,688,,,2011,
,,,,688,,,2012,
,,,,688,,,2013,
,,,,688,,,2014,
,,,,688,,,2015,
,,,,694,,,1995,
,,,,694,,,1996,
,,,,694,,,1997,
,,,,694,,,1998,
,,,,694,,,1999,
,,,,694,,,2000,
,,,,694,,,2001,
,,,,694,,,2002,
,,,,694,,,2003,
,,,,694,,,2004,
,,,,694,,,2005,
,,,,694,,,2006,
,,,,694,,,2007,
,,,,694,,,2008,
,,,,694,,,2009,
,,,,694,,,2010,
,,,,694,,,2011,
23.797251,70.391907,82.099304,64.816475,694,Sierra Leone,SLE,2012,694.2012
,,,,694,,,2013,
,,,,694,,,2014,
,59.248737,93.856209,73.791588,694,Sierra Leone,SLE,2015,694.2015
,,,,702,,,1995,
,,,,702,,,1996,
,,,,702,,,1997,
,,,,702,,,1998,
,,,,702,,,1999,
,,,86.590912,702,Singapore,SGP,2000,702.2000000000001
,,,,702,,,2001,
,,,,702,,,2002,
,,,,702,,,2003,
38.11533,67.397263,68.382721,80.855858,702,Singapore,SGP,2004,702.2004
69.617706,66.053795,45.882355,75.276604,702,Singapore,SGP,2005,702.2005
,,,,702,,,2006,
,76.141075,77.034676,71.350166,702,Singapore,SGP,2007,702.2007
,,,,702,,,2008,
,,,,702,,,2009,
30.371901,69.703171,58.776596,74.960129,702,Singapore,SGP,2010,702.201
,,,,702,,,2011,
38.516262,,,71.312805,702,Singapore,SGP,2012,702.2012
,,,,702,,,2013,
,,,,702,,,2014,
,,,,702,,,2015,
,,,,703,,,1995,
,,,,703,,,1996,
,,,,703,,,1997,
,,,,703,,,1998,
,,,,703,,,1999,
,,,80.040527,703,Slovakia,SVK,2000,703.2000000000001
,,,,703,,,2001,
,,,,703,,,2002,
,,,,703,,,2003,
38.431297,38.706833,66.511391,66.787148,703,Slovakia,SVK,2004,703.2004
,,,,703,,,2005,
,,,,703,,,2006,
,,,,703,,,2007,
,,,,703,,,2008,
,,,,703,,,2009,
,,,,703,,,2010,
,,,,703,,,2011,
39.672489,40.647614,,71.112335,703,Slovakia,SVK,2012,703.2012
,,,,703,,,2013,
,,,,703,,,2014,
,,,,703,,,2015,
,,,,704,,,1995,
,,,,704,,,1996,
,,,,704,,,1997,
,,,,704,,,1998,
,,,,704,,,1999,
,,,,704,,,2000,
,,,,704,,,2001,
,,,,704,,,2002,
,,,,704,,,2003,
,,,,704,,,2004,
,,,,704,,,2005,
37.269478,78.04303,49.588055,87.442291,704,Viet Nam,VNM,2006,704.2006
,,,,704,,,2007,
,,,,704,,,2008,
,,,,704,,,2009,
50.76482,74.456993,90.698982,87.68248,704,Viet Nam,VNM,2010,704.201
,,,,704,,,2011,
,,,,704,,,2012,
,,,,704,,,2013,
,,,,704,,,2014,
,,,,704,,,2015,
,,,,705,,,1995,
,,,,705,,,1996,
,41.036697,,73.895103,705,Slovenia,SVN,1997,705.1997
,,,,705,,,1998,
,,,,705,,,1999,
,,,,705,,,2000,
,,,,705,,,2001,
,,,,705,,,2002,
,,,,705,,,2003,
39.662491,46.617138,76.670258,84.345627,705,Slovenia,SVN,2004,705.2004
,,,,705,,,2005,
,,,,705,,,2006,
,,,,705,,,2007,
,,,,705,,,2008,
,,,,705,,,2009,
,,,,705,,,2010,
,,,,705,,,2011,
45.482071,33.990639,,70.168205,705,Slovenia,SVN,2012,705.2012
,,,,705,,,2013,
,,,,705,,,2014,
,,,,705,,,2015,
,,,,710,,,1995,
,,,,710,,,1996,
,,,,710,,,1997,
,,,,710,,,1998,
,,,,710,,,1999,
20.293978,60.579571,74.9515,71.715179,710,South Africa,ZAF,2000,710.2000000000001
,,,,710,,,2001,
,,,,710,,,2002,
,57.646885,,67.141403,710,South Africa,ZAF,2003,710.2003
37.496704,65.653412,76.588646,78.435516,710,South Africa,ZAF,2004,710.2004
,66.460373,80.124542,80.922096,710,South Africa,ZAF,2005,710.2005
27.213566,60.696144,80.653267,74.936096,710,South Africa,ZAF,2006,710.2006
39.315018,70.042496,77.793976,70.072464,710,South Africa,ZAF,2007,710.2007
37.586304,60.857265,75.486801,73.893402,710,South Africa,ZAF,2008,710.2008
,,,,710,,,2009,
,,,,710,,,2010,
16.923737,66.894737,79.688164,76.588875,710,South Africa,ZAF,2011,710.2011
,,,,710,,,2012,
,,,,710,,,2013,
,,,,710,,,2014,
,57.942432,73.101952,74.295723,710,South Africa,ZAF,2015,710.2015
,,,,716,,,1995,
,,,,716,,,1996,
,,,,716,,,1997,
,,,,716,,,1998,
13.268893,33.829403,81.741821,42.558559,716,Zimbabwe,ZWE,1999,716.1999
,,,,716,,,2000,
,,,,716,,,2001,
,,,,716,,,2002,
,,,,716,,,2003,
,,,,716,,,2004,
,40.404701,93.963257,39.002037,716,Zimbabwe,ZWE,2005,716.2005
,,,,716,,,2006,
,,,,716,,,2007,
,,,,716,,,2008,
52.824383,46.968987,83.438629,46.883232,716,Zimbabwe,ZWE,2009,716.2009000000001
,,,,716,,,2010,
,,,,716,,,2011,
12.27475,48.964119,85.521889,43.958794,716,Zimbabwe,ZWE,2012,716.2012
,,,,716,,,2013,
,55.238457,88.064972,59.808392,716,Zimbabwe,ZWE,2014,716.2014
,,,,716,,,2015,
,,,,724,,,1995,
36.170212,56.592899,88.108223,85.107399,724,Spain,ESP,1996,724.1996
,,,,724,,,1997,
,,,,724,,,1998,
,,,,724,,,1999,
34.020618,61.504574,79.348145,78.928574,724,Spain,ESP,2000,724.2000000000001
,,,,724,,,2001,
,,,,724,,,2002,
,,,,724,,,2003,
43.105068,59.041168,84.765152,82.708336,724,Spain,ESP,2004,724.2004
54.905422,61.423027,78.719009,67.295601,724,Spain,ESP,2005,724.2005
,,,,724,,,2006,
34.026989,64.447929,88.102379,72.03302,724,Spain,ESP,2007,724.2007
,,,,724,,,2008,
,,,,724,,,2009,
,,,,724,,,2010,
,,,,724,,,2011,
,,,,724,,,2012,
45.070911,34.142239,85.978264,68.970673,724,Spain,ESP,2013,724.2013
,,,,724,,,2014,
,,,,724,,,2015,
,,,,729,,,1995,
,,,,729,,,1996,
,,,,729,,,1997,
,,,,729,,,1998,
,,,,729,,,1999,
,,,,729,,,2000,
,,,,729,,,2001,
,,,,729,,,2002,
,,,,729,,,2003,
,,,,729,,,2004,
,,,,729,,,2005,
,,,,729,,,2006,
,,,,729,,,2007,
,,,,729,,,2008,
,,,,729,,,2009,
22.320217,,67.345978,46.465427,729,Sudan,SDN,2010,729.201
,,,,729,,,2011,
,,,,729,,,2012,
28.266399,55.22831,67.078339,42.998177,729,Sudan,SDN,2013,729.2013
,,,,729,,,2014,
,51.804123,59.903381,38.234272,729,Sudan,SDN,2015,729.2015
,,,,740,,,1995,
,,,,740,,,1996,
,,,,740,,,1997,
,,,,740,,,1998,
,,,,740,,,1999,
,,,,740,,,2000,
,,,,740,,,2001,
,,,,740,,,2002,
,,,,740,,,2003,
,,,,740,,,2004,
,,,,740,,,2005,
,,,,740,,,2006,
,,,,740,,,2007,
,,,,740,,,2008,
,,,,740,,,2009,
59.630909,51.616573,83.059914,67.844078,740,Suriname,SUR,2010,740.201
,,,,740,,,2011,
65.650703,53.949127,85.939911,67.629845,740,Suriname,SUR,2012,740.2012
,,,,740,,,2013,
,,,,740,,,2014,
,,,,740,,,2015,
,,,,748,,,1995,
,,,,748,,,1996,
,,,,748,,,1997,
,,,,748,,,1998,
,,,,748,,,1999,
,,,,748,,,2000,
,,,,748,,,2001,
,,,,748,,,2002,
,,,,748,,,2003,
,,,,748,,,2004,
,,,,748,,,2005,
,,,,748,,,2006,
,,,,748,,,2007,
,,,,748,,,2008,
,,,,748,,,2009,
,,,,748,,,2010,
,,,,748,,,2011,
,,,,748,,,2012,
8.3402834,49.725525,62.954746,79.764381,748,Swaziland,SWZ,2013,748.2013
,,,,748,,,2014,
,44.79882,60.923622,79.186378,748,Swaziland,SWZ,2015,748.2015
,,,,752,,,1995,
,,,,752,,,1996,
,,,,752,,,1997,
56.386024,55.135105,,89.554459,752,Sweden,SWE,1998,752.1998
,,,,752,,,1999,
,55.956284,,86.556358,752,Sweden,SWE,2000,752.2000000000001
,,,,752,,,2001,
,,,,752,,,2002,
,,,,752,,,2003,
,,,,752,,,2004,
,,,,752,,,2005,
,,,,752,,,2006,
58.936443,73.284958,89.821617,88.980431,752,Sweden,SWE,2007,752.2007
,,,,752,,,2008,
,,,,752,,,2009,
,,,,752,,,2010,
,,,,752,,,2011,
,,,,752,,,2012,
60.059685,68.285957,,89.85643,752,Sweden,SWE,2013,752.2013
,,,,752,,,2014,
,,,,752,,,2015,
,,,,756,,,1995,
,,,,756,,,1996,
,,,,756,,,1997,
,,,,756,,,1998,
54.427521,59.693371,,88.887497,756,Switzerland,CHE,1999,756.1999
,,,78.232758,756,Switzerland,CHE,2000,756.2000000000001
,,,,756,,,2001,
,,,,756,,,2002,
56.529209,65.081726,83.575577,80.991737,756,Switzerland,CHE,2003,756.2003
56.893234,66.220718,83.401917,88.706367,756,Switzerland,CHE,2004,756.2004
62.52943,74.239349,82.959946,82.045929,756,Switzerland,CHE,2005,756.2005
,,,,756,,,2006,
54.906769,70.684685,82.885574,83.608246,756,Switzerland,CHE,2007,756.2007
,,,,756,,,2008,
,,,,756,,,2009,
,,,,756,,,2010,
,,,,756,,,2011,
56.838581,73.872948,,81.923622,756,Switzerland,CHE,2012,756.2012
,,,,756,,,2013,
,,,,756,,,2014,
,,,,756,,,2015,
,,,,764,,,1995,
,,,,764,,,1996,
,,,,764,,,1997,
,,,,764,,,1998,
,,,,764,,,1999,
,,,31.854839,764,Thailand,THA,2000,764.2000000000001
,65.310074,,49.599785,764,Thailand,THA,2001,764.2001
,,,,764,,,2002,
,,,,764,,,2003,
,,,,764,,,2004,
53.835979,75.56694,61.107613,59.972305,764,Thailand,THA,2005,764.2005
,,,,764,,,2006,
,,,,764,,,2007,
,,,,764,,,2008,
,,,,764,,,2009,
27.159641,67.426857,80.963127,71.881721,764,Thailand,THA,2010,764.201
,,,,764,,,2011,
,,,,764,,,2012,
,,,,764,,,2013,
,,,,764,,,2014,
,,,,764,,,2015,
,,,,768,,,1995,
,,,,768,,,1996,
,,,,768,,,1997,
,,,,768,,,1998,
,,,,768,,,1999,
,,,,768,,,2000,
,,,,768,,,2001,
,,,,768,,,2002,
,,,,768,,,2003,
,,,,768,,,2004,
,70.262169,84.841629,25.526316,768,Togo,TGO,2005,768.2005
,,,,768,,,2006,
,,,,768,,,2007,
,,,,768,,,2008,
,,,,768,,,2009,
,,,,768,,,2010,
,,,,768,,,2011,
18.809319,45.5373,87.831856,54.599407,768,Togo,TGO,2012,768.2012
,,,,768,,,2013,
,48.063683,83.561058,64.551765,768,Togo,TGO,2014,768.2014
,,,,768,,,2015,
,,,,780,,,1995,
,,,,780,,,1996,
,,,,780,,,1997,
,,,,780,,,1998,
,,,,780,,,1999,
,,,,780,,,2000,
,,,,780,,,2001,
,,,,780,,,2002,
,,,,780,,,2003,
,,,,780,,,2004,
,,,,780,,,2005,
,,,,780,,,2006,
,,,,780,,,2007,
,,,,780,,,2008,
,,,,780,,,2009,
64.090172,44.875408,80.400894,44.300999,780,Trinidad & Tobago,TTO,2010,780.201
,,,,780,,,2011,
58.419479,47.757744,80.721115,49.010128,780,Trinidad & Tobago,TTO,2012,780.2012
,,,,780,,,2013,
,,,,780,,,2014,
,,,,780,,,2015,
,,,,788,,,1995,
,,,,788,,,1996,
,,,,788,,,1997,
,,,,788,,,1998,
,,,,788,,,1999,
,,,,788,,,2000,
,,,,788,,,2001,
,,,,788,,,2002,
,,,,788,,,2003,
,,,,788,,,2004,
,,,,788,,,2005,
,,,,788,,,2006,
,,,,788,,,2007,
,,,,788,,,2008,
,,,,788,,,2009,
,,,,788,,,2010,
35.910652,,72.429741,1.7806935,788,Tunisia,TUN,2011,788.2011
,,,,788,,,2012,
19.471102,53.584072,76.600189,66.97683,788,Tunisia,TUN,2013,788.2013
,,,,788,,,2014,
,62.287376,76.956902,69.734154,788,Tunisia,TUN,2015,788.2015
,,,,792,,,1995,
,,,,792,,,1996,
,,,,792,,,1997,
,,,,792,,,1998,
,,,,792,,,1999,
,,,43.111832,792,Turkey,TUR,2000,792.2000000000001
,,,,792,,,2001,
,,,,792,,,2002,
,37.714836,,68.538712,792,Turkey,TUR,2003,792.2003
,47.029434,78.227592,70.113701,792,Turkey,TUR,2004,792.2004
40.254093,62.000248,82.55265,60.700603,792,Turkey,TUR,2005,792.2005
,,,,792,,,2006,
4.7796865,62.861618,81.347153,53.233532,792,Turkey,TUR,2007,792.2007
,,,,792,,,2008,
,,,,792,,,2009,
,,,,792,,,2010,
,,,,792,,,2011,
,,,,792,,,2012,
,,,,792,,,2013,
,,,,792,,,2014,
,,,,792,,,2015,
,,,,800,,,1995,
,,,,800,,,1996,
,,,,800,,,1997,
,,,,800,,,1998,
,,,,800,,,1999,
15.34296,75.145844,87.560715,83.709404,800,Uganda,UGA,2000,800.2000000000001
,,,,800,,,2001,
,,,,800,,,2002,
,,,36.876354,800,Uganda,UGA,2003,800.2003
,,,,800,,,2004,
16.764214,68.562111,86.800453,64.334518,800,Uganda,UGA,2005,800.2005
,,,,800,,,2006,
,,,,800,,,2007,
38.723873,62.012703,88.054237,51.066017,800,Uganda,UGA,2008,800.2008
,,,,800,,,2009,
,,,,800,,,2010,
,,,,800,,,2011,
16.309374,62.27919,86.115845,63.194443,800,Uganda,UGA,2012,800.2012
,,,,800,,,2013,
,,,,800,,,2014,
,67.903229,90.674156,73.826569,800,Uganda,UGA,2015,800.2015
,,,,804,,,1995,
,,,,804,,,1996,
,,,,804,,,1997,
66.810844,16.493351,59.272728,50.617283,804,Ukraine,UKR,1998,804.1998
,,,,804,,,1999,
,,,16.138918,804,Ukraine,UKR,2000,804.2000000000001
,,,,804,,,2001,
,,,,804,,,2002,
,,,7.9851441,804,Ukraine,UKR,2003,804.2003
,,67.529327,11.175337,804,Ukraine,UKR,2004,804.2004
50.196976,51.02174,71.406342,45.401901,804,Ukraine,UKR,2005,804.2005
,,,,804,,,2006,
,36.315441,63.657181,14.995314,804,Ukraine,UKR,2007,804.2007
,,,,804,,,2008,
,,,,804,,,2009,
,,,,804,,,2010,
33.300064,30.661007,,46.276012,804,Ukraine,UKR,2011,804.2011
,,,,804,,,2012,
,,,,804,,,2013,
,,,,804,,,2014,
,,,,804,,,2015,
,,,,807,,,1995,
,,,,807,,,1996,
,,,,807,,,1997,
,,,,807,,,1998,
,,,,807,,,1999,
,,,60.252808,807,Macedonia,MKD,2000,807.2000000000001
,,,,807,,,2001,
,,,,807,,,2002,
,,,41.477833,807,Macedonia,MKD,2003,807.2003
,,64.818764,32.359081,807,Macedonia,MKD,2004,807.2004
,46.794872,66.776794,28.328009,807,Macedonia,MKD,2005,807.2005
,,,,807,,,2006,
,51.289986,72.377403,44.241844,807,Macedonia,MKD,2007,807.2007
,,,,807,,,2008,
,,,,807,,,2009,
,,,,807,,,2010,
,,,,807,,,2011,
,,,,807,,,2012,
,,,,807,,,2013,
,,,,807,,,2014,
,,,,807,,,2015,
,,,,818,,,1995,
,,,,818,,,1996,
,,,,818,,,1997,
,,,,818,,,1998,
,,,,818,,,1999,
,,,,818,,,2000,
,,,,818,,,2001,
,,,,818,,,2002,
,,,,818,,,2003,
,,,,818,,,2004,
,,,,818,,,2005,
,,,,818,,,2006,
,,,,818,,,2007,
,,,,818,,,2008,
,,,,818,,,2009,
,,,,818,,,2010,
55.601318,,68.406837,11.61272,818,Egypt,EGY,2011,818.2011
,,,,818,,,2012,
20.551344,51.099159,71.026474,50.487812,818,Egypt,EGY,2013,818.2013
,,,,818,,,2014,
,65.53727,69.556648,62.969925,818,Egypt,EGY,2015,818.2015
,,,,826,,,1995,
,,,,826,,,1996,
,56.158955,85.236542,82.874916,826,United Kingdom,GBR,1997,826.1997
,,,,826,,,1998,
,,,,826,,,1999,
,53.925377,,80.439125,826,United Kingdom,GBR,2000,826.2000000000001
,,,,826,,,2001,
,,,,826,,,2002,
,54.41161,,78.34008,826,United Kingdom,GBR,2003,826.2003
46.071442,54.59166,77.777779,80.8554,826,United Kingdom,GBR,2004,826.2004
43.531918,59.214737,76.807129,70.089729,826,United Kingdom,GBR,2005,826.2005
,,,,826,,,2006,
47.54224,63.532211,76.318512,79.796951,826,United Kingdom,GBR,2007,826.2007
,,,,826,,,2008,
,,,,826,,,2009,
,,,,826,,,2010,
,,,,826,,,2011,
53.862038,54.694202,,81.561218,826,United Kingdom,GBR,2012,826.2012
,,,,826,,,2013,
,,,,826,,,2014,
,,,,826,,,2015,
,,,,834,,,1995,
,,,,834,,,1996,
,,,,834,,,1997,
,,,,834,,,1998,
,,,,834,,,1999,
,,,,834,,,2000,
8.8371811,66.741158,84.865776,75.56916,834,Tanzania,TZA,2001,834.2001
,,,,834,,,2002,
,,,,834,,,2003,
,,,,834,,,2004,
13.009404,82.56881,93.003731,86.044365,834,Tanzania,TZA,2005,834.2005
,,,,834,,,2006,
,,,,834,,,2007,
65.199333,74.134003,82.371796,83.829788,834,Tanzania,TZA,2008,834.2008
,,,,834,,,2009,
,,,,834,,,2010,
,,,,834,,,2011,
11.831103,73.044395,88.39286,78.962578,834,Tanzania,TZA,2012,834.2012
,,,,834,,,2013,
,71.392303,84.903519,74.599541,834,Tanzania,TZA,2014,834.2014
,,,,834,,,2015,
,,,,840,,,1995,
,62.826607,,77.858559,840,United States,USA,1996,840.1996
,,,,840,,,1997,
,,,,840,,,1998,
,,,,840,,,1999,
,,,61.585365,840,United States,USA,2000,840.2000000000001
,,,,840,,,2001,
,,,,840,,,2002,
,73.217392,,61.329304,840,United States,USA,2003,840.2003
47.404369,65.697998,85.851685,72.782257,840,United States,USA,2004,840.2004
,75.452713,84.744621,57.777779,840,United States,USA,2005,840.2005
,,,,840,,,2006,
47.853699,64.932938,77.755966,48.969578,840,United States,USA,2007,840.2007
57.084457,62.481659,84.886063,50.633331,840,United States,USA,2008,840.2008
,,,,840,,,2009,
,,,,840,,,2010,
,,,,840,,,2011,
,,,,840,,,2012,
,,,,840,,,2013,
53.431171,58.821098,83.943092,47.813477,840,United States,USA,2014,840.2014
,,,,840,,,2015,
,,,,854,,,1995,
,,,,854,,,1996,
,,,,854,,,1997,
,,,,854,,,1998,
,,,,854,,,1999,
,,,,854,,,2000,
,,,,854,,,2001,
,,,,854,,,2002,
,,,,854,,,2003,
,,,,854,,,2004,
,,,,854,,,2005,
,,,,854,,,2006,
,,,,854,,,2007,
53.582825,67.095413,77.095238,77.594032,854,Burkina Faso,BFA,2008,854.2008
,,,,854,,,2009,
,,,,854,,,2010,
,,,,854,,,2011,
32.853516,64.279236,86.573235,81.661598,854,Burkina Faso,BFA,2012,854.2012
,,,,854,,,2013,
,,,,854,,,2014,
,60.250671,90.448944,69.131119,854,Burkina Faso,BFA,2015,854.2015
,56.818832,88.767479,82.600731,858,Uruguay,URY,1995,858.1994999999999
27.487179,52.328533,83.185631,83.394493,858,Uruguay,URY,1996,858.1996
31.578947,59.664104,90.431038,80.77269,858,Uruguay,URY,1997,858.1997
34.716343,63.554047,87.403603,77.707008,858,Uruguay,URY,1998,858.1998
,,,,858,,,1999,
23.375528,63.575039,88.317757,70.427734,858,Uruguay,URY,2000,858.2000000000001
,,,,858,,,2001,
,,,,858,,,2002,
36.743393,51.200409,86.184776,75,858,Uruguay,URY,2003,858.2003
35.36179,53.558899,88.291138,72.928177,858,Uruguay,URY,2004,858.2004
35.467129,68.157303,86.278946,89.506195,858,Uruguay,URY,2005,858.2005
41.269295,60.875893,85.629852,83.990738,858,Uruguay,URY,2006,858.2006
32.89156,60.598141,83.752167,79.909088,858,Uruguay,URY,2007,858.2007
39.79974,62.713806,86.58876,73.360657,858,Uruguay,URY,2008,858.2008
30.300428,69.945824,88.324654,90.998215,858,Uruguay,URY,2009,858.2009000000001
47.672874,66.025948,83.586548,81.72226,858,Uruguay,URY,2010,858.201
18.935364,62.414383,83.435318,70.403465,858,Uruguay,URY,2011,858.2011
66.803368,61.747124,89.149963,76.89959,858,Uruguay,URY,2012,858.2012
,,,,858,,,2013,
67.545044,61.534996,85.900963,74.831993,858,Uruguay,URY,2014,858.2014
21.893492,62.921986,83.390266,68.531677,858,Uruguay,URY,2015,858.2015
,42.206856,70.460587,19.444445,862,Venezuela,VEN,1995,862.1994999999999
12.680412,36.99435,74.771378,8.2191782,862,Venezuela,VEN,1996,862.1996
11.22449,42.711864,74.179619,11.879433,862,Venezuela,VEN,1997,862.1997
16.090986,41.331097,68.208832,27.842436,862,Venezuela,VEN,1998,862.1998
,,,,862,,,1999,
15.744718,57.758942,78.00499,61.4841,862,Venezuela,VEN,2000,862.2000000000001
,,,,862,,,2001,
,,,,862,,,2002,
,,,,862,,,2003,
24.660408,50.028507,87.012711,73.983742,862,Venezuela,VEN,2004,862.2004
26.643599,60.06636,84.504868,56.858742,862,Venezuela,VEN,2005,862.2005
42.313961,57.047195,86.052032,58.300606,862,Venezuela,VEN,2006,862.2006
27.103632,63.703018,72.70697,64.610588,862,Venezuela,VEN,2007,862.2007
39.434631,55.892406,91.824234,57.552448,862,Venezuela,VEN,2008,862.2008
24.365482,51.255997,89.386192,51.212414,862,Venezuela,VEN,2009,862.2009000000001
40.691891,48.219627,90.233513,52.031963,862,Venezuela,VEN,2010,862.201
,,,,862,,,2011,
60.585583,55.264366,93.236717,64.849922,862,Venezuela,VEN,2012,862.2012
,,,,862,,,2013,
59.566208,38.264839,92.140923,43.971153,862,Venezuela,VEN,2014,862.2014
22.899927,42.510361,87.00589,41.551247,862,Venezuela,VEN,2015,862.2015
,,,,887,,,1995,
,,,,887,,,1996,
,,,,887,,,1997,
,,,,887,,,1998,
,,,,887,,,1999,
,,,,887,,,2000,
,,,,887,,,2001,
,,,,887,,,2002,
,,,,887,,,2003,
,,,,887,,,2004,
,,,,887,,,2005,
,,,,887,,,2006,
,,,,887,,,2007,
,,,,887,,,2008,
,,,,887,,,2009,
,,,,887,,,2010,
37.411972,,67.510155,32.936935,887,Yemen,YEM,2011,887.2011
,,,,887,,,2012,
38.666668,,63.078808,32.128983,887,Yemen,YEM,2013,887.2013
40.398743,,,49.41367,887,Yemen,YEM,2014,887.2014
,,,,887,,,2015,
,,,,894,,,1995,
,,,,894,,,1996,
,,,,894,,,1997,
,,,,894,,,1998,
19.964973,65.336876,84.312004,73.737373,894,Zambia,ZMB,1999,894.1999
,,,,894,,,2000,
,,,,894,,,2001,
,,,,894,,,2002,
,,,,894,,,2003,
,,,,894,,,2004,
9.9415207,53.701771,80.595581,34.879894,894,Zambia,ZMB,2005,894.2005
,,,,894,,,2006,
,,,,894,,,2007,
,,,,894,,,2008,
47.848099,58.139534,88.81057,47.222221,894,Zambia,ZMB,2009,894.2009000000001
,,,,894,,,2010,
,,,,894,,,2011,
,,,,894,,,2012,
10.856658,71.434631,94.07502,83.061516,894,Zambia,ZMB,2013,894.2013
,71.755028,87.945595,79.760834,894,Zambia,ZMB,2014,894.2014
,,,,894,,,2015,
